,clients,data_points,eval_metrics,test_data_acc,test_data_loss,prov_time,round_id,prov_layers,training_cache_path,avg_prov_time_per_round,prov_cfg,Model,Dataset,Num Clients,Dirichlet Alpha,F Beta (Weighted),F Beta,F1 (Weighted),F1,Precision,Recall,Accuracy,confusion_matrix
0,"['78', '46', '69', '48', '77', '95', '25', '50', '94', '85']",2,"{'F Beta (Weighted)': 1.0, 'F Beta': 1.0, 'F1 (Weighted)': 1.0, 'F1': 1.0, 'Precision': 1.0, 'Recall': 1.0, 'Accuracy': 1.0, 'confusion_matrix': array([[2]])}",0.10498046875,2.6712136268615723,3.3515830039978027,1,"{<class 'torch.nn.modules.conv.Conv2d'>, <class 'torch.nn.modules.linear.Linear'>}",storage_of_exps/cache_of_training,28.68392134666443,"{'parallel_processes': 4, 'client_weights_normalization': False, 'single_prov_key': 'For-Main-Training--google-bert/bert-base-cased-yahoo_answers_topics-faulty_clients[[]]-noise_rateNone-TClients100-fedavg-(R25-clientsPerR10)-non_iid_dirichlet0.1-batch32-epochs2-lr0.001', 'check_train_cache': True, 'check_prov_cache': True, 'check_dataset_cache': True, 'dataset_channels': {'cifar10': 3, 'femnist': 3, 'mnist': 3, 'pathmnist': 3, 'organamnist': 3, 'superb': 'None', 'dbpedia_14': 'None', 'yahoo_answers_topics': 'None'}, 'dataset_classes': {'cifar10': 10, 'femnist': 10, 'mnist': 10, 'pathmnist': 9, 'organamnist': 11, 'superb': 12, 'yahoo_answers_topics': 10, 'dbpedia_14': 14}, 'model_arch': {'microsoft/deberta-v3-base': 'transformer', 'squeezebert/squeezebert-uncased': 'transformer', 'distilbert/distilbert-base-uncased': 'transformer', 'microsoft/MiniLM-L12-H384-uncased': 'transformer', 'openai-community/openai-gpt': 'transformer', 'google-bert/bert-base-cased': 'transformer', 'google-bert/bert-large-cased': 'transformer', 'Intel/dynamic_tinybert': 'transformer', 'facebook/wav2vec2-base': 'transformer', 'openai/whisper-tiny': 'transformer', 'resnet18': 'cnn', 'densenet121': 'cnn'}, 'storage': {'dir': 'storage_of_exps/', 'train_cache_name': 'cache_of_training', 'results_cache_name': 'cache_of_approach', 'fl_datasets_cache': 'cache_of_fl_datasets'}, 'multirun_faulty_clients': -1, 'noise_rate': 'None', 'faulty_clients_ids': [], 'exp_key': 'For-Main-Training--densenet121-organamnist-faulty_clients[[]]-noise_rateNone-TClients100-fedavg-(R25-clientsPerR10)-non_iid_dirichlet0.2-batch32-epochs2-lr0.001', 'num_clients': 100, 'clients_per_round': 10, 'num_rounds': 25, 'dirichlet_alpha': 0.2, 'batch_size': 32, 'noise_multiplier': -1, 'clipping_norm': -1, 'total_gpus': 1, 'total_cpus': 12, 'client_cpus': 1, 'client_gpu': 0.1, 'device': 'cuda', 'client': {'epochs': 2, 'lr': 0.001}, 'model': {'name': 'densenet121', 'arch': '${model_arch.${model.name}}'}, 'dataset': {'name': 'organamnist', 'num_classes': '${dataset_classes.${dataset.name}}', 'channels': '${dataset_channels.${dataset.name}}'}, 'strategy': {'name': 'fedavg', 'num_rounds': '${num_rounds}', 'clients_per_round': '${clients_per_round}', 'noise_multiplier': '${noise_multiplier}', 'clipping_norm': '${clipping_norm}'}, 'data_dist': {'dist_type': 'non_iid_dirichlet', 'num_clients': '${num_clients}', 'batch_size': '${batch_size}', 'dirichlet_alpha': '${dirichlet_alpha}', 'dname': '${dataset.name}', 'mname': '${model.name}', 'storage_dir': '${storage.dir}', 'max_per_client_data_size': 2048, 'max_server_data_size': 2048}, 'do_training': False, 'do_provenance': True, 'plotting': False, 'do_full_cache_provenance': False, 'dry_run': False, 'convert_cache_to_csv': False, 'shared_sweeper_params': {'num_clients': 100, 'exp_key': 'For-Main-Training-', 'clients_per_round': 10}}",densenet121,organamnist,100,0.2,1.0,1.0,1.0,1.0,1.0,1.0,1.0,[[2]]
1,"['72', '66', '52', '85', '49', '53', '56', '65', '42', '28']",4,"{'F Beta (Weighted)': 1.0, 'F Beta': 1.0, 'F1 (Weighted)': 1.0, 'F1': 1.0, 'Precision': 1.0, 'Recall': 1.0, 'Accuracy': 1.0, 'confusion_matrix': array([[4]])}",0.09130859375,2.5185365676879883,3.224315643310547,2,"{<class 'torch.nn.modules.conv.Conv2d'>, <class 'torch.nn.modules.linear.Linear'>}",storage_of_exps/cache_of_training,28.68392134666443,"{'parallel_processes': 4, 'client_weights_normalization': False, 'single_prov_key': 'For-Main-Training--google-bert/bert-base-cased-yahoo_answers_topics-faulty_clients[[]]-noise_rateNone-TClients100-fedavg-(R25-clientsPerR10)-non_iid_dirichlet0.1-batch32-epochs2-lr0.001', 'check_train_cache': True, 'check_prov_cache': True, 'check_dataset_cache': True, 'dataset_channels': {'cifar10': 3, 'femnist': 3, 'mnist': 3, 'pathmnist': 3, 'organamnist': 3, 'superb': 'None', 'dbpedia_14': 'None', 'yahoo_answers_topics': 'None'}, 'dataset_classes': {'cifar10': 10, 'femnist': 10, 'mnist': 10, 'pathmnist': 9, 'organamnist': 11, 'superb': 12, 'yahoo_answers_topics': 10, 'dbpedia_14': 14}, 'model_arch': {'microsoft/deberta-v3-base': 'transformer', 'squeezebert/squeezebert-uncased': 'transformer', 'distilbert/distilbert-base-uncased': 'transformer', 'microsoft/MiniLM-L12-H384-uncased': 'transformer', 'openai-community/openai-gpt': 'transformer', 'google-bert/bert-base-cased': 'transformer', 'google-bert/bert-large-cased': 'transformer', 'Intel/dynamic_tinybert': 'transformer', 'facebook/wav2vec2-base': 'transformer', 'openai/whisper-tiny': 'transformer', 'resnet18': 'cnn', 'densenet121': 'cnn'}, 'storage': {'dir': 'storage_of_exps/', 'train_cache_name': 'cache_of_training', 'results_cache_name': 'cache_of_approach', 'fl_datasets_cache': 'cache_of_fl_datasets'}, 'multirun_faulty_clients': -1, 'noise_rate': 'None', 'faulty_clients_ids': [], 'exp_key': 'For-Main-Training--densenet121-organamnist-faulty_clients[[]]-noise_rateNone-TClients100-fedavg-(R25-clientsPerR10)-non_iid_dirichlet0.2-batch32-epochs2-lr0.001', 'num_clients': 100, 'clients_per_round': 10, 'num_rounds': 25, 'dirichlet_alpha': 0.2, 'batch_size': 32, 'noise_multiplier': -1, 'clipping_norm': -1, 'total_gpus': 1, 'total_cpus': 12, 'client_cpus': 1, 'client_gpu': 0.1, 'device': 'cuda', 'client': {'epochs': 2, 'lr': 0.001}, 'model': {'name': 'densenet121', 'arch': '${model_arch.${model.name}}'}, 'dataset': {'name': 'organamnist', 'num_classes': '${dataset_classes.${dataset.name}}', 'channels': '${dataset_channels.${dataset.name}}'}, 'strategy': {'name': 'fedavg', 'num_rounds': '${num_rounds}', 'clients_per_round': '${clients_per_round}', 'noise_multiplier': '${noise_multiplier}', 'clipping_norm': '${clipping_norm}'}, 'data_dist': {'dist_type': 'non_iid_dirichlet', 'num_clients': '${num_clients}', 'batch_size': '${batch_size}', 'dirichlet_alpha': '${dirichlet_alpha}', 'dname': '${dataset.name}', 'mname': '${model.name}', 'storage_dir': '${storage.dir}', 'max_per_client_data_size': 2048, 'max_server_data_size': 2048}, 'do_training': False, 'do_provenance': True, 'plotting': False, 'do_full_cache_provenance': False, 'dry_run': False, 'convert_cache_to_csv': False, 'shared_sweeper_params': {'num_clients': 100, 'exp_key': 'For-Main-Training-', 'clients_per_round': 10}}",densenet121,organamnist,100,0.2,1.0,1.0,1.0,1.0,1.0,1.0,1.0,[[4]]
2,"['8', '66', '43', '55', '82', '67', '77', '46', '38', '12']",2,"{'F Beta (Weighted)': 1.0, 'F Beta': 1.0, 'F1 (Weighted)': 1.0, 'F1': 1.0, 'Precision': 1.0, 'Recall': 1.0, 'Accuracy': 1.0, 'confusion_matrix': array([[2]])}",0.17236328125,2.4189071655273438,3.429964542388916,3,"{<class 'torch.nn.modules.conv.Conv2d'>, <class 'torch.nn.modules.linear.Linear'>}",storage_of_exps/cache_of_training,28.68392134666443,"{'parallel_processes': 4, 'client_weights_normalization': False, 'single_prov_key': 'For-Main-Training--google-bert/bert-base-cased-yahoo_answers_topics-faulty_clients[[]]-noise_rateNone-TClients100-fedavg-(R25-clientsPerR10)-non_iid_dirichlet0.1-batch32-epochs2-lr0.001', 'check_train_cache': True, 'check_prov_cache': True, 'check_dataset_cache': True, 'dataset_channels': {'cifar10': 3, 'femnist': 3, 'mnist': 3, 'pathmnist': 3, 'organamnist': 3, 'superb': 'None', 'dbpedia_14': 'None', 'yahoo_answers_topics': 'None'}, 'dataset_classes': {'cifar10': 10, 'femnist': 10, 'mnist': 10, 'pathmnist': 9, 'organamnist': 11, 'superb': 12, 'yahoo_answers_topics': 10, 'dbpedia_14': 14}, 'model_arch': {'microsoft/deberta-v3-base': 'transformer', 'squeezebert/squeezebert-uncased': 'transformer', 'distilbert/distilbert-base-uncased': 'transformer', 'microsoft/MiniLM-L12-H384-uncased': 'transformer', 'openai-community/openai-gpt': 'transformer', 'google-bert/bert-base-cased': 'transformer', 'google-bert/bert-large-cased': 'transformer', 'Intel/dynamic_tinybert': 'transformer', 'facebook/wav2vec2-base': 'transformer', 'openai/whisper-tiny': 'transformer', 'resnet18': 'cnn', 'densenet121': 'cnn'}, 'storage': {'dir': 'storage_of_exps/', 'train_cache_name': 'cache_of_training', 'results_cache_name': 'cache_of_approach', 'fl_datasets_cache': 'cache_of_fl_datasets'}, 'multirun_faulty_clients': -1, 'noise_rate': 'None', 'faulty_clients_ids': [], 'exp_key': 'For-Main-Training--densenet121-organamnist-faulty_clients[[]]-noise_rateNone-TClients100-fedavg-(R25-clientsPerR10)-non_iid_dirichlet0.2-batch32-epochs2-lr0.001', 'num_clients': 100, 'clients_per_round': 10, 'num_rounds': 25, 'dirichlet_alpha': 0.2, 'batch_size': 32, 'noise_multiplier': -1, 'clipping_norm': -1, 'total_gpus': 1, 'total_cpus': 12, 'client_cpus': 1, 'client_gpu': 0.1, 'device': 'cuda', 'client': {'epochs': 2, 'lr': 0.001}, 'model': {'name': 'densenet121', 'arch': '${model_arch.${model.name}}'}, 'dataset': {'name': 'organamnist', 'num_classes': '${dataset_classes.${dataset.name}}', 'channels': '${dataset_channels.${dataset.name}}'}, 'strategy': {'name': 'fedavg', 'num_rounds': '${num_rounds}', 'clients_per_round': '${clients_per_round}', 'noise_multiplier': '${noise_multiplier}', 'clipping_norm': '${clipping_norm}'}, 'data_dist': {'dist_type': 'non_iid_dirichlet', 'num_clients': '${num_clients}', 'batch_size': '${batch_size}', 'dirichlet_alpha': '${dirichlet_alpha}', 'dname': '${dataset.name}', 'mname': '${model.name}', 'storage_dir': '${storage.dir}', 'max_per_client_data_size': 2048, 'max_server_data_size': 2048}, 'do_training': False, 'do_provenance': True, 'plotting': False, 'do_full_cache_provenance': False, 'dry_run': False, 'convert_cache_to_csv': False, 'shared_sweeper_params': {'num_clients': 100, 'exp_key': 'For-Main-Training-', 'clients_per_round': 10}}",densenet121,organamnist,100,0.2,1.0,1.0,1.0,1.0,1.0,1.0,1.0,[[2]]
3,"['5', '75', '56', '38', '91', '77', '76', '73', '96', '87']",4,"{'F Beta (Weighted)': 1.0, 'F Beta': 1.0, 'F1 (Weighted)': 1.0, 'F1': 1.0, 'Precision': 1.0, 'Recall': 1.0, 'Accuracy': 1.0, 'confusion_matrix': array([[4]])}",0.17919921875,2.2245635986328125,3.4316837787628174,4,"{<class 'torch.nn.modules.conv.Conv2d'>, <class 'torch.nn.modules.linear.Linear'>}",storage_of_exps/cache_of_training,28.68392134666443,"{'parallel_processes': 4, 'client_weights_normalization': False, 'single_prov_key': 'For-Main-Training--google-bert/bert-base-cased-yahoo_answers_topics-faulty_clients[[]]-noise_rateNone-TClients100-fedavg-(R25-clientsPerR10)-non_iid_dirichlet0.1-batch32-epochs2-lr0.001', 'check_train_cache': True, 'check_prov_cache': True, 'check_dataset_cache': True, 'dataset_channels': {'cifar10': 3, 'femnist': 3, 'mnist': 3, 'pathmnist': 3, 'organamnist': 3, 'superb': 'None', 'dbpedia_14': 'None', 'yahoo_answers_topics': 'None'}, 'dataset_classes': {'cifar10': 10, 'femnist': 10, 'mnist': 10, 'pathmnist': 9, 'organamnist': 11, 'superb': 12, 'yahoo_answers_topics': 10, 'dbpedia_14': 14}, 'model_arch': {'microsoft/deberta-v3-base': 'transformer', 'squeezebert/squeezebert-uncased': 'transformer', 'distilbert/distilbert-base-uncased': 'transformer', 'microsoft/MiniLM-L12-H384-uncased': 'transformer', 'openai-community/openai-gpt': 'transformer', 'google-bert/bert-base-cased': 'transformer', 'google-bert/bert-large-cased': 'transformer', 'Intel/dynamic_tinybert': 'transformer', 'facebook/wav2vec2-base': 'transformer', 'openai/whisper-tiny': 'transformer', 'resnet18': 'cnn', 'densenet121': 'cnn'}, 'storage': {'dir': 'storage_of_exps/', 'train_cache_name': 'cache_of_training', 'results_cache_name': 'cache_of_approach', 'fl_datasets_cache': 'cache_of_fl_datasets'}, 'multirun_faulty_clients': -1, 'noise_rate': 'None', 'faulty_clients_ids': [], 'exp_key': 'For-Main-Training--densenet121-organamnist-faulty_clients[[]]-noise_rateNone-TClients100-fedavg-(R25-clientsPerR10)-non_iid_dirichlet0.2-batch32-epochs2-lr0.001', 'num_clients': 100, 'clients_per_round': 10, 'num_rounds': 25, 'dirichlet_alpha': 0.2, 'batch_size': 32, 'noise_multiplier': -1, 'clipping_norm': -1, 'total_gpus': 1, 'total_cpus': 12, 'client_cpus': 1, 'client_gpu': 0.1, 'device': 'cuda', 'client': {'epochs': 2, 'lr': 0.001}, 'model': {'name': 'densenet121', 'arch': '${model_arch.${model.name}}'}, 'dataset': {'name': 'organamnist', 'num_classes': '${dataset_classes.${dataset.name}}', 'channels': '${dataset_channels.${dataset.name}}'}, 'strategy': {'name': 'fedavg', 'num_rounds': '${num_rounds}', 'clients_per_round': '${clients_per_round}', 'noise_multiplier': '${noise_multiplier}', 'clipping_norm': '${clipping_norm}'}, 'data_dist': {'dist_type': 'non_iid_dirichlet', 'num_clients': '${num_clients}', 'batch_size': '${batch_size}', 'dirichlet_alpha': '${dirichlet_alpha}', 'dname': '${dataset.name}', 'mname': '${model.name}', 'storage_dir': '${storage.dir}', 'max_per_client_data_size': 2048, 'max_server_data_size': 2048}, 'do_training': False, 'do_provenance': True, 'plotting': False, 'do_full_cache_provenance': False, 'dry_run': False, 'convert_cache_to_csv': False, 'shared_sweeper_params': {'num_clients': 100, 'exp_key': 'For-Main-Training-', 'clients_per_round': 10}}",densenet121,organamnist,100,0.2,1.0,1.0,1.0,1.0,1.0,1.0,1.0,[[4]]
4,"['44', '92', '40', '45', '69', '6', '85', '49', '11', '20']",4,"{'F Beta (Weighted)': 1.0, 'F Beta': 1.0, 'F1 (Weighted)': 1.0, 'F1': 1.0, 'Precision': 1.0, 'Recall': 1.0, 'Accuracy': 1.0, 'confusion_matrix': array([[4]])}",0.15625,2.441291332244873,5.254199743270874,5,"{<class 'torch.nn.modules.conv.Conv2d'>, <class 'torch.nn.modules.linear.Linear'>}",storage_of_exps/cache_of_training,28.68392134666443,"{'parallel_processes': 4, 'client_weights_normalization': False, 'single_prov_key': 'For-Main-Training--google-bert/bert-base-cased-yahoo_answers_topics-faulty_clients[[]]-noise_rateNone-TClients100-fedavg-(R25-clientsPerR10)-non_iid_dirichlet0.1-batch32-epochs2-lr0.001', 'check_train_cache': True, 'check_prov_cache': True, 'check_dataset_cache': True, 'dataset_channels': {'cifar10': 3, 'femnist': 3, 'mnist': 3, 'pathmnist': 3, 'organamnist': 3, 'superb': 'None', 'dbpedia_14': 'None', 'yahoo_answers_topics': 'None'}, 'dataset_classes': {'cifar10': 10, 'femnist': 10, 'mnist': 10, 'pathmnist': 9, 'organamnist': 11, 'superb': 12, 'yahoo_answers_topics': 10, 'dbpedia_14': 14}, 'model_arch': {'microsoft/deberta-v3-base': 'transformer', 'squeezebert/squeezebert-uncased': 'transformer', 'distilbert/distilbert-base-uncased': 'transformer', 'microsoft/MiniLM-L12-H384-uncased': 'transformer', 'openai-community/openai-gpt': 'transformer', 'google-bert/bert-base-cased': 'transformer', 'google-bert/bert-large-cased': 'transformer', 'Intel/dynamic_tinybert': 'transformer', 'facebook/wav2vec2-base': 'transformer', 'openai/whisper-tiny': 'transformer', 'resnet18': 'cnn', 'densenet121': 'cnn'}, 'storage': {'dir': 'storage_of_exps/', 'train_cache_name': 'cache_of_training', 'results_cache_name': 'cache_of_approach', 'fl_datasets_cache': 'cache_of_fl_datasets'}, 'multirun_faulty_clients': -1, 'noise_rate': 'None', 'faulty_clients_ids': [], 'exp_key': 'For-Main-Training--densenet121-organamnist-faulty_clients[[]]-noise_rateNone-TClients100-fedavg-(R25-clientsPerR10)-non_iid_dirichlet0.2-batch32-epochs2-lr0.001', 'num_clients': 100, 'clients_per_round': 10, 'num_rounds': 25, 'dirichlet_alpha': 0.2, 'batch_size': 32, 'noise_multiplier': -1, 'clipping_norm': -1, 'total_gpus': 1, 'total_cpus': 12, 'client_cpus': 1, 'client_gpu': 0.1, 'device': 'cuda', 'client': {'epochs': 2, 'lr': 0.001}, 'model': {'name': 'densenet121', 'arch': '${model_arch.${model.name}}'}, 'dataset': {'name': 'organamnist', 'num_classes': '${dataset_classes.${dataset.name}}', 'channels': '${dataset_channels.${dataset.name}}'}, 'strategy': {'name': 'fedavg', 'num_rounds': '${num_rounds}', 'clients_per_round': '${clients_per_round}', 'noise_multiplier': '${noise_multiplier}', 'clipping_norm': '${clipping_norm}'}, 'data_dist': {'dist_type': 'non_iid_dirichlet', 'num_clients': '${num_clients}', 'batch_size': '${batch_size}', 'dirichlet_alpha': '${dirichlet_alpha}', 'dname': '${dataset.name}', 'mname': '${model.name}', 'storage_dir': '${storage.dir}', 'max_per_client_data_size': 2048, 'max_server_data_size': 2048}, 'do_training': False, 'do_provenance': True, 'plotting': False, 'do_full_cache_provenance': False, 'dry_run': False, 'convert_cache_to_csv': False, 'shared_sweeper_params': {'num_clients': 100, 'exp_key': 'For-Main-Training-', 'clients_per_round': 10}}",densenet121,organamnist,100,0.2,1.0,1.0,1.0,1.0,1.0,1.0,1.0,[[4]]
5,"['22', '43', '72', '47', '68', '3', '50', '0', '32', '29']",10,"{'F Beta (Weighted)': 1.0, 'F Beta': 1.0, 'F1 (Weighted)': 1.0, 'F1': 1.0, 'Precision': 1.0, 'Recall': 1.0, 'Accuracy': 1.0, 'confusion_matrix': array([[10]])}",0.31201171875,2.3306236267089844,5.786071300506592,6,"{<class 'torch.nn.modules.conv.Conv2d'>, <class 'torch.nn.modules.linear.Linear'>}",storage_of_exps/cache_of_training,28.68392134666443,"{'parallel_processes': 4, 'client_weights_normalization': False, 'single_prov_key': 'For-Main-Training--google-bert/bert-base-cased-yahoo_answers_topics-faulty_clients[[]]-noise_rateNone-TClients100-fedavg-(R25-clientsPerR10)-non_iid_dirichlet0.1-batch32-epochs2-lr0.001', 'check_train_cache': True, 'check_prov_cache': True, 'check_dataset_cache': True, 'dataset_channels': {'cifar10': 3, 'femnist': 3, 'mnist': 3, 'pathmnist': 3, 'organamnist': 3, 'superb': 'None', 'dbpedia_14': 'None', 'yahoo_answers_topics': 'None'}, 'dataset_classes': {'cifar10': 10, 'femnist': 10, 'mnist': 10, 'pathmnist': 9, 'organamnist': 11, 'superb': 12, 'yahoo_answers_topics': 10, 'dbpedia_14': 14}, 'model_arch': {'microsoft/deberta-v3-base': 'transformer', 'squeezebert/squeezebert-uncased': 'transformer', 'distilbert/distilbert-base-uncased': 'transformer', 'microsoft/MiniLM-L12-H384-uncased': 'transformer', 'openai-community/openai-gpt': 'transformer', 'google-bert/bert-base-cased': 'transformer', 'google-bert/bert-large-cased': 'transformer', 'Intel/dynamic_tinybert': 'transformer', 'facebook/wav2vec2-base': 'transformer', 'openai/whisper-tiny': 'transformer', 'resnet18': 'cnn', 'densenet121': 'cnn'}, 'storage': {'dir': 'storage_of_exps/', 'train_cache_name': 'cache_of_training', 'results_cache_name': 'cache_of_approach', 'fl_datasets_cache': 'cache_of_fl_datasets'}, 'multirun_faulty_clients': -1, 'noise_rate': 'None', 'faulty_clients_ids': [], 'exp_key': 'For-Main-Training--densenet121-organamnist-faulty_clients[[]]-noise_rateNone-TClients100-fedavg-(R25-clientsPerR10)-non_iid_dirichlet0.2-batch32-epochs2-lr0.001', 'num_clients': 100, 'clients_per_round': 10, 'num_rounds': 25, 'dirichlet_alpha': 0.2, 'batch_size': 32, 'noise_multiplier': -1, 'clipping_norm': -1, 'total_gpus': 1, 'total_cpus': 12, 'client_cpus': 1, 'client_gpu': 0.1, 'device': 'cuda', 'client': {'epochs': 2, 'lr': 0.001}, 'model': {'name': 'densenet121', 'arch': '${model_arch.${model.name}}'}, 'dataset': {'name': 'organamnist', 'num_classes': '${dataset_classes.${dataset.name}}', 'channels': '${dataset_channels.${dataset.name}}'}, 'strategy': {'name': 'fedavg', 'num_rounds': '${num_rounds}', 'clients_per_round': '${clients_per_round}', 'noise_multiplier': '${noise_multiplier}', 'clipping_norm': '${clipping_norm}'}, 'data_dist': {'dist_type': 'non_iid_dirichlet', 'num_clients': '${num_clients}', 'batch_size': '${batch_size}', 'dirichlet_alpha': '${dirichlet_alpha}', 'dname': '${dataset.name}', 'mname': '${model.name}', 'storage_dir': '${storage.dir}', 'max_per_client_data_size': 2048, 'max_server_data_size': 2048}, 'do_training': False, 'do_provenance': True, 'plotting': False, 'do_full_cache_provenance': False, 'dry_run': False, 'convert_cache_to_csv': False, 'shared_sweeper_params': {'num_clients': 100, 'exp_key': 'For-Main-Training-', 'clients_per_round': 10}}",densenet121,organamnist,100,0.2,1.0,1.0,1.0,1.0,1.0,1.0,1.0,[[10]]
6,"['52', '41', '69', '26', '37', '82', '76', '2', '73', '15']",10,"{'F Beta (Weighted)': 1.0, 'F Beta': 1.0, 'F1 (Weighted)': 1.0, 'F1': 1.0, 'Precision': 1.0, 'Recall': 1.0, 'Accuracy': 1.0, 'confusion_matrix': array([[10]])}",0.22509765625,2.489603281021118,6.446118354797363,7,"{<class 'torch.nn.modules.conv.Conv2d'>, <class 'torch.nn.modules.linear.Linear'>}",storage_of_exps/cache_of_training,28.68392134666443,"{'parallel_processes': 4, 'client_weights_normalization': False, 'single_prov_key': 'For-Main-Training--google-bert/bert-base-cased-yahoo_answers_topics-faulty_clients[[]]-noise_rateNone-TClients100-fedavg-(R25-clientsPerR10)-non_iid_dirichlet0.1-batch32-epochs2-lr0.001', 'check_train_cache': True, 'check_prov_cache': True, 'check_dataset_cache': True, 'dataset_channels': {'cifar10': 3, 'femnist': 3, 'mnist': 3, 'pathmnist': 3, 'organamnist': 3, 'superb': 'None', 'dbpedia_14': 'None', 'yahoo_answers_topics': 'None'}, 'dataset_classes': {'cifar10': 10, 'femnist': 10, 'mnist': 10, 'pathmnist': 9, 'organamnist': 11, 'superb': 12, 'yahoo_answers_topics': 10, 'dbpedia_14': 14}, 'model_arch': {'microsoft/deberta-v3-base': 'transformer', 'squeezebert/squeezebert-uncased': 'transformer', 'distilbert/distilbert-base-uncased': 'transformer', 'microsoft/MiniLM-L12-H384-uncased': 'transformer', 'openai-community/openai-gpt': 'transformer', 'google-bert/bert-base-cased': 'transformer', 'google-bert/bert-large-cased': 'transformer', 'Intel/dynamic_tinybert': 'transformer', 'facebook/wav2vec2-base': 'transformer', 'openai/whisper-tiny': 'transformer', 'resnet18': 'cnn', 'densenet121': 'cnn'}, 'storage': {'dir': 'storage_of_exps/', 'train_cache_name': 'cache_of_training', 'results_cache_name': 'cache_of_approach', 'fl_datasets_cache': 'cache_of_fl_datasets'}, 'multirun_faulty_clients': -1, 'noise_rate': 'None', 'faulty_clients_ids': [], 'exp_key': 'For-Main-Training--densenet121-organamnist-faulty_clients[[]]-noise_rateNone-TClients100-fedavg-(R25-clientsPerR10)-non_iid_dirichlet0.2-batch32-epochs2-lr0.001', 'num_clients': 100, 'clients_per_round': 10, 'num_rounds': 25, 'dirichlet_alpha': 0.2, 'batch_size': 32, 'noise_multiplier': -1, 'clipping_norm': -1, 'total_gpus': 1, 'total_cpus': 12, 'client_cpus': 1, 'client_gpu': 0.1, 'device': 'cuda', 'client': {'epochs': 2, 'lr': 0.001}, 'model': {'name': 'densenet121', 'arch': '${model_arch.${model.name}}'}, 'dataset': {'name': 'organamnist', 'num_classes': '${dataset_classes.${dataset.name}}', 'channels': '${dataset_channels.${dataset.name}}'}, 'strategy': {'name': 'fedavg', 'num_rounds': '${num_rounds}', 'clients_per_round': '${clients_per_round}', 'noise_multiplier': '${noise_multiplier}', 'clipping_norm': '${clipping_norm}'}, 'data_dist': {'dist_type': 'non_iid_dirichlet', 'num_clients': '${num_clients}', 'batch_size': '${batch_size}', 'dirichlet_alpha': '${dirichlet_alpha}', 'dname': '${dataset.name}', 'mname': '${model.name}', 'storage_dir': '${storage.dir}', 'max_per_client_data_size': 2048, 'max_server_data_size': 2048}, 'do_training': False, 'do_provenance': True, 'plotting': False, 'do_full_cache_provenance': False, 'dry_run': False, 'convert_cache_to_csv': False, 'shared_sweeper_params': {'num_clients': 100, 'exp_key': 'For-Main-Training-', 'clients_per_round': 10}}",densenet121,organamnist,100,0.2,1.0,1.0,1.0,1.0,1.0,1.0,1.0,[[10]]
7,"['84', '4', '35', '72', '18', '55', '20', '86', '12', '78']",2,"{'F Beta (Weighted)': 1.0, 'F Beta': 1.0, 'F1 (Weighted)': 1.0, 'F1': 1.0, 'Precision': 1.0, 'Recall': 1.0, 'Accuracy': 1.0, 'confusion_matrix': array([[2]])}",0.12890625,2.406714916229248,2.6803646087646484,8,"{<class 'torch.nn.modules.conv.Conv2d'>, <class 'torch.nn.modules.linear.Linear'>}",storage_of_exps/cache_of_training,28.68392134666443,"{'parallel_processes': 4, 'client_weights_normalization': False, 'single_prov_key': 'For-Main-Training--google-bert/bert-base-cased-yahoo_answers_topics-faulty_clients[[]]-noise_rateNone-TClients100-fedavg-(R25-clientsPerR10)-non_iid_dirichlet0.1-batch32-epochs2-lr0.001', 'check_train_cache': True, 'check_prov_cache': True, 'check_dataset_cache': True, 'dataset_channels': {'cifar10': 3, 'femnist': 3, 'mnist': 3, 'pathmnist': 3, 'organamnist': 3, 'superb': 'None', 'dbpedia_14': 'None', 'yahoo_answers_topics': 'None'}, 'dataset_classes': {'cifar10': 10, 'femnist': 10, 'mnist': 10, 'pathmnist': 9, 'organamnist': 11, 'superb': 12, 'yahoo_answers_topics': 10, 'dbpedia_14': 14}, 'model_arch': {'microsoft/deberta-v3-base': 'transformer', 'squeezebert/squeezebert-uncased': 'transformer', 'distilbert/distilbert-base-uncased': 'transformer', 'microsoft/MiniLM-L12-H384-uncased': 'transformer', 'openai-community/openai-gpt': 'transformer', 'google-bert/bert-base-cased': 'transformer', 'google-bert/bert-large-cased': 'transformer', 'Intel/dynamic_tinybert': 'transformer', 'facebook/wav2vec2-base': 'transformer', 'openai/whisper-tiny': 'transformer', 'resnet18': 'cnn', 'densenet121': 'cnn'}, 'storage': {'dir': 'storage_of_exps/', 'train_cache_name': 'cache_of_training', 'results_cache_name': 'cache_of_approach', 'fl_datasets_cache': 'cache_of_fl_datasets'}, 'multirun_faulty_clients': -1, 'noise_rate': 'None', 'faulty_clients_ids': [], 'exp_key': 'For-Main-Training--densenet121-organamnist-faulty_clients[[]]-noise_rateNone-TClients100-fedavg-(R25-clientsPerR10)-non_iid_dirichlet0.2-batch32-epochs2-lr0.001', 'num_clients': 100, 'clients_per_round': 10, 'num_rounds': 25, 'dirichlet_alpha': 0.2, 'batch_size': 32, 'noise_multiplier': -1, 'clipping_norm': -1, 'total_gpus': 1, 'total_cpus': 12, 'client_cpus': 1, 'client_gpu': 0.1, 'device': 'cuda', 'client': {'epochs': 2, 'lr': 0.001}, 'model': {'name': 'densenet121', 'arch': '${model_arch.${model.name}}'}, 'dataset': {'name': 'organamnist', 'num_classes': '${dataset_classes.${dataset.name}}', 'channels': '${dataset_channels.${dataset.name}}'}, 'strategy': {'name': 'fedavg', 'num_rounds': '${num_rounds}', 'clients_per_round': '${clients_per_round}', 'noise_multiplier': '${noise_multiplier}', 'clipping_norm': '${clipping_norm}'}, 'data_dist': {'dist_type': 'non_iid_dirichlet', 'num_clients': '${num_clients}', 'batch_size': '${batch_size}', 'dirichlet_alpha': '${dirichlet_alpha}', 'dname': '${dataset.name}', 'mname': '${model.name}', 'storage_dir': '${storage.dir}', 'max_per_client_data_size': 2048, 'max_server_data_size': 2048}, 'do_training': False, 'do_provenance': True, 'plotting': False, 'do_full_cache_provenance': False, 'dry_run': False, 'convert_cache_to_csv': False, 'shared_sweeper_params': {'num_clients': 100, 'exp_key': 'For-Main-Training-', 'clients_per_round': 10}}",densenet121,organamnist,100,0.2,1.0,1.0,1.0,1.0,1.0,1.0,1.0,[[2]]
8,"['83', '78', '3', '89', '45', '93', '12', '81', '17', '71']",8,"{'F Beta (Weighted)': 1.0, 'F Beta': 1.0, 'F1 (Weighted)': 1.0, 'F1': 1.0, 'Precision': 1.0, 'Recall': 1.0, 'Accuracy': 1.0, 'confusion_matrix': array([[8]])}",0.27490234375,2.161513328552246,4.891027927398682,9,"{<class 'torch.nn.modules.conv.Conv2d'>, <class 'torch.nn.modules.linear.Linear'>}",storage_of_exps/cache_of_training,28.68392134666443,"{'parallel_processes': 4, 'client_weights_normalization': False, 'single_prov_key': 'For-Main-Training--google-bert/bert-base-cased-yahoo_answers_topics-faulty_clients[[]]-noise_rateNone-TClients100-fedavg-(R25-clientsPerR10)-non_iid_dirichlet0.1-batch32-epochs2-lr0.001', 'check_train_cache': True, 'check_prov_cache': True, 'check_dataset_cache': True, 'dataset_channels': {'cifar10': 3, 'femnist': 3, 'mnist': 3, 'pathmnist': 3, 'organamnist': 3, 'superb': 'None', 'dbpedia_14': 'None', 'yahoo_answers_topics': 'None'}, 'dataset_classes': {'cifar10': 10, 'femnist': 10, 'mnist': 10, 'pathmnist': 9, 'organamnist': 11, 'superb': 12, 'yahoo_answers_topics': 10, 'dbpedia_14': 14}, 'model_arch': {'microsoft/deberta-v3-base': 'transformer', 'squeezebert/squeezebert-uncased': 'transformer', 'distilbert/distilbert-base-uncased': 'transformer', 'microsoft/MiniLM-L12-H384-uncased': 'transformer', 'openai-community/openai-gpt': 'transformer', 'google-bert/bert-base-cased': 'transformer', 'google-bert/bert-large-cased': 'transformer', 'Intel/dynamic_tinybert': 'transformer', 'facebook/wav2vec2-base': 'transformer', 'openai/whisper-tiny': 'transformer', 'resnet18': 'cnn', 'densenet121': 'cnn'}, 'storage': {'dir': 'storage_of_exps/', 'train_cache_name': 'cache_of_training', 'results_cache_name': 'cache_of_approach', 'fl_datasets_cache': 'cache_of_fl_datasets'}, 'multirun_faulty_clients': -1, 'noise_rate': 'None', 'faulty_clients_ids': [], 'exp_key': 'For-Main-Training--densenet121-organamnist-faulty_clients[[]]-noise_rateNone-TClients100-fedavg-(R25-clientsPerR10)-non_iid_dirichlet0.2-batch32-epochs2-lr0.001', 'num_clients': 100, 'clients_per_round': 10, 'num_rounds': 25, 'dirichlet_alpha': 0.2, 'batch_size': 32, 'noise_multiplier': -1, 'clipping_norm': -1, 'total_gpus': 1, 'total_cpus': 12, 'client_cpus': 1, 'client_gpu': 0.1, 'device': 'cuda', 'client': {'epochs': 2, 'lr': 0.001}, 'model': {'name': 'densenet121', 'arch': '${model_arch.${model.name}}'}, 'dataset': {'name': 'organamnist', 'num_classes': '${dataset_classes.${dataset.name}}', 'channels': '${dataset_channels.${dataset.name}}'}, 'strategy': {'name': 'fedavg', 'num_rounds': '${num_rounds}', 'clients_per_round': '${clients_per_round}', 'noise_multiplier': '${noise_multiplier}', 'clipping_norm': '${clipping_norm}'}, 'data_dist': {'dist_type': 'non_iid_dirichlet', 'num_clients': '${num_clients}', 'batch_size': '${batch_size}', 'dirichlet_alpha': '${dirichlet_alpha}', 'dname': '${dataset.name}', 'mname': '${model.name}', 'storage_dir': '${storage.dir}', 'max_per_client_data_size': 2048, 'max_server_data_size': 2048}, 'do_training': False, 'do_provenance': True, 'plotting': False, 'do_full_cache_provenance': False, 'dry_run': False, 'convert_cache_to_csv': False, 'shared_sweeper_params': {'num_clients': 100, 'exp_key': 'For-Main-Training-', 'clients_per_round': 10}}",densenet121,organamnist,100,0.2,1.0,1.0,1.0,1.0,1.0,1.0,1.0,[[8]]
9,"['91', '29', '1', '45', '0', '80', '64', '57', '69', '47']",2,"{'F Beta (Weighted)': 1.0, 'F Beta': 1.0, 'F1 (Weighted)': 1.0, 'F1': 1.0, 'Precision': 1.0, 'Recall': 1.0, 'Accuracy': 1.0, 'confusion_matrix': array([[2]])}",0.17236328125,2.529465436935425,2.6906850337982178,10,"{<class 'torch.nn.modules.conv.Conv2d'>, <class 'torch.nn.modules.linear.Linear'>}",storage_of_exps/cache_of_training,28.68392134666443,"{'parallel_processes': 4, 'client_weights_normalization': False, 'single_prov_key': 'For-Main-Training--google-bert/bert-base-cased-yahoo_answers_topics-faulty_clients[[]]-noise_rateNone-TClients100-fedavg-(R25-clientsPerR10)-non_iid_dirichlet0.1-batch32-epochs2-lr0.001', 'check_train_cache': True, 'check_prov_cache': True, 'check_dataset_cache': True, 'dataset_channels': {'cifar10': 3, 'femnist': 3, 'mnist': 3, 'pathmnist': 3, 'organamnist': 3, 'superb': 'None', 'dbpedia_14': 'None', 'yahoo_answers_topics': 'None'}, 'dataset_classes': {'cifar10': 10, 'femnist': 10, 'mnist': 10, 'pathmnist': 9, 'organamnist': 11, 'superb': 12, 'yahoo_answers_topics': 10, 'dbpedia_14': 14}, 'model_arch': {'microsoft/deberta-v3-base': 'transformer', 'squeezebert/squeezebert-uncased': 'transformer', 'distilbert/distilbert-base-uncased': 'transformer', 'microsoft/MiniLM-L12-H384-uncased': 'transformer', 'openai-community/openai-gpt': 'transformer', 'google-bert/bert-base-cased': 'transformer', 'google-bert/bert-large-cased': 'transformer', 'Intel/dynamic_tinybert': 'transformer', 'facebook/wav2vec2-base': 'transformer', 'openai/whisper-tiny': 'transformer', 'resnet18': 'cnn', 'densenet121': 'cnn'}, 'storage': {'dir': 'storage_of_exps/', 'train_cache_name': 'cache_of_training', 'results_cache_name': 'cache_of_approach', 'fl_datasets_cache': 'cache_of_fl_datasets'}, 'multirun_faulty_clients': -1, 'noise_rate': 'None', 'faulty_clients_ids': [], 'exp_key': 'For-Main-Training--densenet121-organamnist-faulty_clients[[]]-noise_rateNone-TClients100-fedavg-(R25-clientsPerR10)-non_iid_dirichlet0.2-batch32-epochs2-lr0.001', 'num_clients': 100, 'clients_per_round': 10, 'num_rounds': 25, 'dirichlet_alpha': 0.2, 'batch_size': 32, 'noise_multiplier': -1, 'clipping_norm': -1, 'total_gpus': 1, 'total_cpus': 12, 'client_cpus': 1, 'client_gpu': 0.1, 'device': 'cuda', 'client': {'epochs': 2, 'lr': 0.001}, 'model': {'name': 'densenet121', 'arch': '${model_arch.${model.name}}'}, 'dataset': {'name': 'organamnist', 'num_classes': '${dataset_classes.${dataset.name}}', 'channels': '${dataset_channels.${dataset.name}}'}, 'strategy': {'name': 'fedavg', 'num_rounds': '${num_rounds}', 'clients_per_round': '${clients_per_round}', 'noise_multiplier': '${noise_multiplier}', 'clipping_norm': '${clipping_norm}'}, 'data_dist': {'dist_type': 'non_iid_dirichlet', 'num_clients': '${num_clients}', 'batch_size': '${batch_size}', 'dirichlet_alpha': '${dirichlet_alpha}', 'dname': '${dataset.name}', 'mname': '${model.name}', 'storage_dir': '${storage.dir}', 'max_per_client_data_size': 2048, 'max_server_data_size': 2048}, 'do_training': False, 'do_provenance': True, 'plotting': False, 'do_full_cache_provenance': False, 'dry_run': False, 'convert_cache_to_csv': False, 'shared_sweeper_params': {'num_clients': 100, 'exp_key': 'For-Main-Training-', 'clients_per_round': 10}}",densenet121,organamnist,100,0.2,1.0,1.0,1.0,1.0,1.0,1.0,1.0,[[2]]
10,"['46', '86', '48', '45', '17', '70', '10', '43', '89', '8']",6,"{'F Beta (Weighted)': 1.0, 'F Beta': 1.0, 'F1 (Weighted)': 1.0, 'F1': 1.0, 'Precision': 1.0, 'Recall': 1.0, 'Accuracy': 1.0, 'confusion_matrix': array([[6]])}",0.29345703125,2.5324201583862305,4.770724296569824,11,"{<class 'torch.nn.modules.conv.Conv2d'>, <class 'torch.nn.modules.linear.Linear'>}",storage_of_exps/cache_of_training,28.68392134666443,"{'parallel_processes': 4, 'client_weights_normalization': False, 'single_prov_key': 'For-Main-Training--google-bert/bert-base-cased-yahoo_answers_topics-faulty_clients[[]]-noise_rateNone-TClients100-fedavg-(R25-clientsPerR10)-non_iid_dirichlet0.1-batch32-epochs2-lr0.001', 'check_train_cache': True, 'check_prov_cache': True, 'check_dataset_cache': True, 'dataset_channels': {'cifar10': 3, 'femnist': 3, 'mnist': 3, 'pathmnist': 3, 'organamnist': 3, 'superb': 'None', 'dbpedia_14': 'None', 'yahoo_answers_topics': 'None'}, 'dataset_classes': {'cifar10': 10, 'femnist': 10, 'mnist': 10, 'pathmnist': 9, 'organamnist': 11, 'superb': 12, 'yahoo_answers_topics': 10, 'dbpedia_14': 14}, 'model_arch': {'microsoft/deberta-v3-base': 'transformer', 'squeezebert/squeezebert-uncased': 'transformer', 'distilbert/distilbert-base-uncased': 'transformer', 'microsoft/MiniLM-L12-H384-uncased': 'transformer', 'openai-community/openai-gpt': 'transformer', 'google-bert/bert-base-cased': 'transformer', 'google-bert/bert-large-cased': 'transformer', 'Intel/dynamic_tinybert': 'transformer', 'facebook/wav2vec2-base': 'transformer', 'openai/whisper-tiny': 'transformer', 'resnet18': 'cnn', 'densenet121': 'cnn'}, 'storage': {'dir': 'storage_of_exps/', 'train_cache_name': 'cache_of_training', 'results_cache_name': 'cache_of_approach', 'fl_datasets_cache': 'cache_of_fl_datasets'}, 'multirun_faulty_clients': -1, 'noise_rate': 'None', 'faulty_clients_ids': [], 'exp_key': 'For-Main-Training--densenet121-organamnist-faulty_clients[[]]-noise_rateNone-TClients100-fedavg-(R25-clientsPerR10)-non_iid_dirichlet0.2-batch32-epochs2-lr0.001', 'num_clients': 100, 'clients_per_round': 10, 'num_rounds': 25, 'dirichlet_alpha': 0.2, 'batch_size': 32, 'noise_multiplier': -1, 'clipping_norm': -1, 'total_gpus': 1, 'total_cpus': 12, 'client_cpus': 1, 'client_gpu': 0.1, 'device': 'cuda', 'client': {'epochs': 2, 'lr': 0.001}, 'model': {'name': 'densenet121', 'arch': '${model_arch.${model.name}}'}, 'dataset': {'name': 'organamnist', 'num_classes': '${dataset_classes.${dataset.name}}', 'channels': '${dataset_channels.${dataset.name}}'}, 'strategy': {'name': 'fedavg', 'num_rounds': '${num_rounds}', 'clients_per_round': '${clients_per_round}', 'noise_multiplier': '${noise_multiplier}', 'clipping_norm': '${clipping_norm}'}, 'data_dist': {'dist_type': 'non_iid_dirichlet', 'num_clients': '${num_clients}', 'batch_size': '${batch_size}', 'dirichlet_alpha': '${dirichlet_alpha}', 'dname': '${dataset.name}', 'mname': '${model.name}', 'storage_dir': '${storage.dir}', 'max_per_client_data_size': 2048, 'max_server_data_size': 2048}, 'do_training': False, 'do_provenance': True, 'plotting': False, 'do_full_cache_provenance': False, 'dry_run': False, 'convert_cache_to_csv': False, 'shared_sweeper_params': {'num_clients': 100, 'exp_key': 'For-Main-Training-', 'clients_per_round': 10}}",densenet121,organamnist,100,0.2,1.0,1.0,1.0,1.0,1.0,1.0,1.0,[[6]]
11,"['65', '22', '18', '40', '12', '46', '68', '93', '1', '60']",8,"{'F Beta (Weighted)': 1.0, 'F Beta': 1.0, 'F1 (Weighted)': 1.0, 'F1': 1.0, 'Precision': 1.0, 'Recall': 1.0, 'Accuracy': 1.0, 'confusion_matrix': array([[8]])}",0.36328125,1.9443843364715576,4.9890031814575195,12,"{<class 'torch.nn.modules.conv.Conv2d'>, <class 'torch.nn.modules.linear.Linear'>}",storage_of_exps/cache_of_training,28.68392134666443,"{'parallel_processes': 4, 'client_weights_normalization': False, 'single_prov_key': 'For-Main-Training--google-bert/bert-base-cased-yahoo_answers_topics-faulty_clients[[]]-noise_rateNone-TClients100-fedavg-(R25-clientsPerR10)-non_iid_dirichlet0.1-batch32-epochs2-lr0.001', 'check_train_cache': True, 'check_prov_cache': True, 'check_dataset_cache': True, 'dataset_channels': {'cifar10': 3, 'femnist': 3, 'mnist': 3, 'pathmnist': 3, 'organamnist': 3, 'superb': 'None', 'dbpedia_14': 'None', 'yahoo_answers_topics': 'None'}, 'dataset_classes': {'cifar10': 10, 'femnist': 10, 'mnist': 10, 'pathmnist': 9, 'organamnist': 11, 'superb': 12, 'yahoo_answers_topics': 10, 'dbpedia_14': 14}, 'model_arch': {'microsoft/deberta-v3-base': 'transformer', 'squeezebert/squeezebert-uncased': 'transformer', 'distilbert/distilbert-base-uncased': 'transformer', 'microsoft/MiniLM-L12-H384-uncased': 'transformer', 'openai-community/openai-gpt': 'transformer', 'google-bert/bert-base-cased': 'transformer', 'google-bert/bert-large-cased': 'transformer', 'Intel/dynamic_tinybert': 'transformer', 'facebook/wav2vec2-base': 'transformer', 'openai/whisper-tiny': 'transformer', 'resnet18': 'cnn', 'densenet121': 'cnn'}, 'storage': {'dir': 'storage_of_exps/', 'train_cache_name': 'cache_of_training', 'results_cache_name': 'cache_of_approach', 'fl_datasets_cache': 'cache_of_fl_datasets'}, 'multirun_faulty_clients': -1, 'noise_rate': 'None', 'faulty_clients_ids': [], 'exp_key': 'For-Main-Training--densenet121-organamnist-faulty_clients[[]]-noise_rateNone-TClients100-fedavg-(R25-clientsPerR10)-non_iid_dirichlet0.2-batch32-epochs2-lr0.001', 'num_clients': 100, 'clients_per_round': 10, 'num_rounds': 25, 'dirichlet_alpha': 0.2, 'batch_size': 32, 'noise_multiplier': -1, 'clipping_norm': -1, 'total_gpus': 1, 'total_cpus': 12, 'client_cpus': 1, 'client_gpu': 0.1, 'device': 'cuda', 'client': {'epochs': 2, 'lr': 0.001}, 'model': {'name': 'densenet121', 'arch': '${model_arch.${model.name}}'}, 'dataset': {'name': 'organamnist', 'num_classes': '${dataset_classes.${dataset.name}}', 'channels': '${dataset_channels.${dataset.name}}'}, 'strategy': {'name': 'fedavg', 'num_rounds': '${num_rounds}', 'clients_per_round': '${clients_per_round}', 'noise_multiplier': '${noise_multiplier}', 'clipping_norm': '${clipping_norm}'}, 'data_dist': {'dist_type': 'non_iid_dirichlet', 'num_clients': '${num_clients}', 'batch_size': '${batch_size}', 'dirichlet_alpha': '${dirichlet_alpha}', 'dname': '${dataset.name}', 'mname': '${model.name}', 'storage_dir': '${storage.dir}', 'max_per_client_data_size': 2048, 'max_server_data_size': 2048}, 'do_training': False, 'do_provenance': True, 'plotting': False, 'do_full_cache_provenance': False, 'dry_run': False, 'convert_cache_to_csv': False, 'shared_sweeper_params': {'num_clients': 100, 'exp_key': 'For-Main-Training-', 'clients_per_round': 10}}",densenet121,organamnist,100,0.2,1.0,1.0,1.0,1.0,1.0,1.0,1.0,[[8]]
12,"['79', '89', '84', '39', '32', '68', '63', '98', '65', '69']",4,"{'F Beta (Weighted)': 0.8333333333333334, 'F Beta': 0.8333333333333334, 'F1 (Weighted)': 0.6666666666666666, 'F1': 0.6666666666666666, 'Precision': 1.0, 'Recall': 0.5, 'Accuracy': 0.5, 'confusion_matrix': array([[0, 0],
       [2, 2]])}",0.1298828125,2.2145867347717285,3.431466817855835,13,"{<class 'torch.nn.modules.conv.Conv2d'>, <class 'torch.nn.modules.linear.Linear'>}",storage_of_exps/cache_of_training,28.68392134666443,"{'parallel_processes': 4, 'client_weights_normalization': False, 'single_prov_key': 'For-Main-Training--google-bert/bert-base-cased-yahoo_answers_topics-faulty_clients[[]]-noise_rateNone-TClients100-fedavg-(R25-clientsPerR10)-non_iid_dirichlet0.1-batch32-epochs2-lr0.001', 'check_train_cache': True, 'check_prov_cache': True, 'check_dataset_cache': True, 'dataset_channels': {'cifar10': 3, 'femnist': 3, 'mnist': 3, 'pathmnist': 3, 'organamnist': 3, 'superb': 'None', 'dbpedia_14': 'None', 'yahoo_answers_topics': 'None'}, 'dataset_classes': {'cifar10': 10, 'femnist': 10, 'mnist': 10, 'pathmnist': 9, 'organamnist': 11, 'superb': 12, 'yahoo_answers_topics': 10, 'dbpedia_14': 14}, 'model_arch': {'microsoft/deberta-v3-base': 'transformer', 'squeezebert/squeezebert-uncased': 'transformer', 'distilbert/distilbert-base-uncased': 'transformer', 'microsoft/MiniLM-L12-H384-uncased': 'transformer', 'openai-community/openai-gpt': 'transformer', 'google-bert/bert-base-cased': 'transformer', 'google-bert/bert-large-cased': 'transformer', 'Intel/dynamic_tinybert': 'transformer', 'facebook/wav2vec2-base': 'transformer', 'openai/whisper-tiny': 'transformer', 'resnet18': 'cnn', 'densenet121': 'cnn'}, 'storage': {'dir': 'storage_of_exps/', 'train_cache_name': 'cache_of_training', 'results_cache_name': 'cache_of_approach', 'fl_datasets_cache': 'cache_of_fl_datasets'}, 'multirun_faulty_clients': -1, 'noise_rate': 'None', 'faulty_clients_ids': [], 'exp_key': 'For-Main-Training--densenet121-organamnist-faulty_clients[[]]-noise_rateNone-TClients100-fedavg-(R25-clientsPerR10)-non_iid_dirichlet0.2-batch32-epochs2-lr0.001', 'num_clients': 100, 'clients_per_round': 10, 'num_rounds': 25, 'dirichlet_alpha': 0.2, 'batch_size': 32, 'noise_multiplier': -1, 'clipping_norm': -1, 'total_gpus': 1, 'total_cpus': 12, 'client_cpus': 1, 'client_gpu': 0.1, 'device': 'cuda', 'client': {'epochs': 2, 'lr': 0.001}, 'model': {'name': 'densenet121', 'arch': '${model_arch.${model.name}}'}, 'dataset': {'name': 'organamnist', 'num_classes': '${dataset_classes.${dataset.name}}', 'channels': '${dataset_channels.${dataset.name}}'}, 'strategy': {'name': 'fedavg', 'num_rounds': '${num_rounds}', 'clients_per_round': '${clients_per_round}', 'noise_multiplier': '${noise_multiplier}', 'clipping_norm': '${clipping_norm}'}, 'data_dist': {'dist_type': 'non_iid_dirichlet', 'num_clients': '${num_clients}', 'batch_size': '${batch_size}', 'dirichlet_alpha': '${dirichlet_alpha}', 'dname': '${dataset.name}', 'mname': '${model.name}', 'storage_dir': '${storage.dir}', 'max_per_client_data_size': 2048, 'max_server_data_size': 2048}, 'do_training': False, 'do_provenance': True, 'plotting': False, 'do_full_cache_provenance': False, 'dry_run': False, 'convert_cache_to_csv': False, 'shared_sweeper_params': {'num_clients': 100, 'exp_key': 'For-Main-Training-', 'clients_per_round': 10}}",densenet121,organamnist,100,0.2,0.8333333333333334,0.8333333333333334,0.6666666666666666,0.6666666666666666,1.0,0.5,0.5,"[[0 0]
 [2 2]]"
13,"['31', '69', '75', '49', '17', '85', '40', '93', '20', '34']",6,"{'F Beta (Weighted)': 1.0, 'F Beta': 1.0, 'F1 (Weighted)': 1.0, 'F1': 1.0, 'Precision': 1.0, 'Recall': 1.0, 'Accuracy': 1.0, 'confusion_matrix': array([[6]])}",0.32666015625,1.8486088514328003,4.717309951782227,14,"{<class 'torch.nn.modules.conv.Conv2d'>, <class 'torch.nn.modules.linear.Linear'>}",storage_of_exps/cache_of_training,28.68392134666443,"{'parallel_processes': 4, 'client_weights_normalization': False, 'single_prov_key': 'For-Main-Training--google-bert/bert-base-cased-yahoo_answers_topics-faulty_clients[[]]-noise_rateNone-TClients100-fedavg-(R25-clientsPerR10)-non_iid_dirichlet0.1-batch32-epochs2-lr0.001', 'check_train_cache': True, 'check_prov_cache': True, 'check_dataset_cache': True, 'dataset_channels': {'cifar10': 3, 'femnist': 3, 'mnist': 3, 'pathmnist': 3, 'organamnist': 3, 'superb': 'None', 'dbpedia_14': 'None', 'yahoo_answers_topics': 'None'}, 'dataset_classes': {'cifar10': 10, 'femnist': 10, 'mnist': 10, 'pathmnist': 9, 'organamnist': 11, 'superb': 12, 'yahoo_answers_topics': 10, 'dbpedia_14': 14}, 'model_arch': {'microsoft/deberta-v3-base': 'transformer', 'squeezebert/squeezebert-uncased': 'transformer', 'distilbert/distilbert-base-uncased': 'transformer', 'microsoft/MiniLM-L12-H384-uncased': 'transformer', 'openai-community/openai-gpt': 'transformer', 'google-bert/bert-base-cased': 'transformer', 'google-bert/bert-large-cased': 'transformer', 'Intel/dynamic_tinybert': 'transformer', 'facebook/wav2vec2-base': 'transformer', 'openai/whisper-tiny': 'transformer', 'resnet18': 'cnn', 'densenet121': 'cnn'}, 'storage': {'dir': 'storage_of_exps/', 'train_cache_name': 'cache_of_training', 'results_cache_name': 'cache_of_approach', 'fl_datasets_cache': 'cache_of_fl_datasets'}, 'multirun_faulty_clients': -1, 'noise_rate': 'None', 'faulty_clients_ids': [], 'exp_key': 'For-Main-Training--densenet121-organamnist-faulty_clients[[]]-noise_rateNone-TClients100-fedavg-(R25-clientsPerR10)-non_iid_dirichlet0.2-batch32-epochs2-lr0.001', 'num_clients': 100, 'clients_per_round': 10, 'num_rounds': 25, 'dirichlet_alpha': 0.2, 'batch_size': 32, 'noise_multiplier': -1, 'clipping_norm': -1, 'total_gpus': 1, 'total_cpus': 12, 'client_cpus': 1, 'client_gpu': 0.1, 'device': 'cuda', 'client': {'epochs': 2, 'lr': 0.001}, 'model': {'name': 'densenet121', 'arch': '${model_arch.${model.name}}'}, 'dataset': {'name': 'organamnist', 'num_classes': '${dataset_classes.${dataset.name}}', 'channels': '${dataset_channels.${dataset.name}}'}, 'strategy': {'name': 'fedavg', 'num_rounds': '${num_rounds}', 'clients_per_round': '${clients_per_round}', 'noise_multiplier': '${noise_multiplier}', 'clipping_norm': '${clipping_norm}'}, 'data_dist': {'dist_type': 'non_iid_dirichlet', 'num_clients': '${num_clients}', 'batch_size': '${batch_size}', 'dirichlet_alpha': '${dirichlet_alpha}', 'dname': '${dataset.name}', 'mname': '${model.name}', 'storage_dir': '${storage.dir}', 'max_per_client_data_size': 2048, 'max_server_data_size': 2048}, 'do_training': False, 'do_provenance': True, 'plotting': False, 'do_full_cache_provenance': False, 'dry_run': False, 'convert_cache_to_csv': False, 'shared_sweeper_params': {'num_clients': 100, 'exp_key': 'For-Main-Training-', 'clients_per_round': 10}}",densenet121,organamnist,100,0.2,1.0,1.0,1.0,1.0,1.0,1.0,1.0,[[6]]
14,"['49', '80', '38', '39', '0', '33', '53', '61', '5', '1']",10,"{'F Beta (Weighted)': 1.0, 'F Beta': 1.0, 'F1 (Weighted)': 1.0, 'F1': 1.0, 'Precision': 1.0, 'Recall': 1.0, 'Accuracy': 1.0, 'confusion_matrix': array([[10]])}",0.3974609375,1.6748334169387817,5.224331617355347,15,"{<class 'torch.nn.modules.conv.Conv2d'>, <class 'torch.nn.modules.linear.Linear'>}",storage_of_exps/cache_of_training,28.68392134666443,"{'parallel_processes': 4, 'client_weights_normalization': False, 'single_prov_key': 'For-Main-Training--google-bert/bert-base-cased-yahoo_answers_topics-faulty_clients[[]]-noise_rateNone-TClients100-fedavg-(R25-clientsPerR10)-non_iid_dirichlet0.1-batch32-epochs2-lr0.001', 'check_train_cache': True, 'check_prov_cache': True, 'check_dataset_cache': True, 'dataset_channels': {'cifar10': 3, 'femnist': 3, 'mnist': 3, 'pathmnist': 3, 'organamnist': 3, 'superb': 'None', 'dbpedia_14': 'None', 'yahoo_answers_topics': 'None'}, 'dataset_classes': {'cifar10': 10, 'femnist': 10, 'mnist': 10, 'pathmnist': 9, 'organamnist': 11, 'superb': 12, 'yahoo_answers_topics': 10, 'dbpedia_14': 14}, 'model_arch': {'microsoft/deberta-v3-base': 'transformer', 'squeezebert/squeezebert-uncased': 'transformer', 'distilbert/distilbert-base-uncased': 'transformer', 'microsoft/MiniLM-L12-H384-uncased': 'transformer', 'openai-community/openai-gpt': 'transformer', 'google-bert/bert-base-cased': 'transformer', 'google-bert/bert-large-cased': 'transformer', 'Intel/dynamic_tinybert': 'transformer', 'facebook/wav2vec2-base': 'transformer', 'openai/whisper-tiny': 'transformer', 'resnet18': 'cnn', 'densenet121': 'cnn'}, 'storage': {'dir': 'storage_of_exps/', 'train_cache_name': 'cache_of_training', 'results_cache_name': 'cache_of_approach', 'fl_datasets_cache': 'cache_of_fl_datasets'}, 'multirun_faulty_clients': -1, 'noise_rate': 'None', 'faulty_clients_ids': [], 'exp_key': 'For-Main-Training--densenet121-organamnist-faulty_clients[[]]-noise_rateNone-TClients100-fedavg-(R25-clientsPerR10)-non_iid_dirichlet0.2-batch32-epochs2-lr0.001', 'num_clients': 100, 'clients_per_round': 10, 'num_rounds': 25, 'dirichlet_alpha': 0.2, 'batch_size': 32, 'noise_multiplier': -1, 'clipping_norm': -1, 'total_gpus': 1, 'total_cpus': 12, 'client_cpus': 1, 'client_gpu': 0.1, 'device': 'cuda', 'client': {'epochs': 2, 'lr': 0.001}, 'model': {'name': 'densenet121', 'arch': '${model_arch.${model.name}}'}, 'dataset': {'name': 'organamnist', 'num_classes': '${dataset_classes.${dataset.name}}', 'channels': '${dataset_channels.${dataset.name}}'}, 'strategy': {'name': 'fedavg', 'num_rounds': '${num_rounds}', 'clients_per_round': '${clients_per_round}', 'noise_multiplier': '${noise_multiplier}', 'clipping_norm': '${clipping_norm}'}, 'data_dist': {'dist_type': 'non_iid_dirichlet', 'num_clients': '${num_clients}', 'batch_size': '${batch_size}', 'dirichlet_alpha': '${dirichlet_alpha}', 'dname': '${dataset.name}', 'mname': '${model.name}', 'storage_dir': '${storage.dir}', 'max_per_client_data_size': 2048, 'max_server_data_size': 2048}, 'do_training': False, 'do_provenance': True, 'plotting': False, 'do_full_cache_provenance': False, 'dry_run': False, 'convert_cache_to_csv': False, 'shared_sweeper_params': {'num_clients': 100, 'exp_key': 'For-Main-Training-', 'clients_per_round': 10}}",densenet121,organamnist,100,0.2,1.0,1.0,1.0,1.0,1.0,1.0,1.0,[[10]]
15,"['22', '62', '91', '52', '46', '16', '3', '48', '90', '84']",14,"{'F Beta (Weighted)': 1.0, 'F Beta': 1.0, 'F1 (Weighted)': 1.0, 'F1': 1.0, 'Precision': 1.0, 'Recall': 1.0, 'Accuracy': 1.0, 'confusion_matrix': array([[14]])}",0.51806640625,1.742854356765747,7.208767890930176,16,"{<class 'torch.nn.modules.conv.Conv2d'>, <class 'torch.nn.modules.linear.Linear'>}",storage_of_exps/cache_of_training,28.68392134666443,"{'parallel_processes': 4, 'client_weights_normalization': False, 'single_prov_key': 'For-Main-Training--google-bert/bert-base-cased-yahoo_answers_topics-faulty_clients[[]]-noise_rateNone-TClients100-fedavg-(R25-clientsPerR10)-non_iid_dirichlet0.1-batch32-epochs2-lr0.001', 'check_train_cache': True, 'check_prov_cache': True, 'check_dataset_cache': True, 'dataset_channels': {'cifar10': 3, 'femnist': 3, 'mnist': 3, 'pathmnist': 3, 'organamnist': 3, 'superb': 'None', 'dbpedia_14': 'None', 'yahoo_answers_topics': 'None'}, 'dataset_classes': {'cifar10': 10, 'femnist': 10, 'mnist': 10, 'pathmnist': 9, 'organamnist': 11, 'superb': 12, 'yahoo_answers_topics': 10, 'dbpedia_14': 14}, 'model_arch': {'microsoft/deberta-v3-base': 'transformer', 'squeezebert/squeezebert-uncased': 'transformer', 'distilbert/distilbert-base-uncased': 'transformer', 'microsoft/MiniLM-L12-H384-uncased': 'transformer', 'openai-community/openai-gpt': 'transformer', 'google-bert/bert-base-cased': 'transformer', 'google-bert/bert-large-cased': 'transformer', 'Intel/dynamic_tinybert': 'transformer', 'facebook/wav2vec2-base': 'transformer', 'openai/whisper-tiny': 'transformer', 'resnet18': 'cnn', 'densenet121': 'cnn'}, 'storage': {'dir': 'storage_of_exps/', 'train_cache_name': 'cache_of_training', 'results_cache_name': 'cache_of_approach', 'fl_datasets_cache': 'cache_of_fl_datasets'}, 'multirun_faulty_clients': -1, 'noise_rate': 'None', 'faulty_clients_ids': [], 'exp_key': 'For-Main-Training--densenet121-organamnist-faulty_clients[[]]-noise_rateNone-TClients100-fedavg-(R25-clientsPerR10)-non_iid_dirichlet0.2-batch32-epochs2-lr0.001', 'num_clients': 100, 'clients_per_round': 10, 'num_rounds': 25, 'dirichlet_alpha': 0.2, 'batch_size': 32, 'noise_multiplier': -1, 'clipping_norm': -1, 'total_gpus': 1, 'total_cpus': 12, 'client_cpus': 1, 'client_gpu': 0.1, 'device': 'cuda', 'client': {'epochs': 2, 'lr': 0.001}, 'model': {'name': 'densenet121', 'arch': '${model_arch.${model.name}}'}, 'dataset': {'name': 'organamnist', 'num_classes': '${dataset_classes.${dataset.name}}', 'channels': '${dataset_channels.${dataset.name}}'}, 'strategy': {'name': 'fedavg', 'num_rounds': '${num_rounds}', 'clients_per_round': '${clients_per_round}', 'noise_multiplier': '${noise_multiplier}', 'clipping_norm': '${clipping_norm}'}, 'data_dist': {'dist_type': 'non_iid_dirichlet', 'num_clients': '${num_clients}', 'batch_size': '${batch_size}', 'dirichlet_alpha': '${dirichlet_alpha}', 'dname': '${dataset.name}', 'mname': '${model.name}', 'storage_dir': '${storage.dir}', 'max_per_client_data_size': 2048, 'max_server_data_size': 2048}, 'do_training': False, 'do_provenance': True, 'plotting': False, 'do_full_cache_provenance': False, 'dry_run': False, 'convert_cache_to_csv': False, 'shared_sweeper_params': {'num_clients': 100, 'exp_key': 'For-Main-Training-', 'clients_per_round': 10}}",densenet121,organamnist,100,0.2,1.0,1.0,1.0,1.0,1.0,1.0,1.0,[[14]]
16,"['62', '87', '67', '35', '24', '22', '61', '52', '63', '30']",8,"{'F Beta (Weighted)': 1.0, 'F Beta': 1.0, 'F1 (Weighted)': 1.0, 'F1': 1.0, 'Precision': 1.0, 'Recall': 1.0, 'Accuracy': 1.0, 'confusion_matrix': array([[8]])}",0.14013671875,2.06143856048584,4.766139507293701,17,"{<class 'torch.nn.modules.conv.Conv2d'>, <class 'torch.nn.modules.linear.Linear'>}",storage_of_exps/cache_of_training,28.68392134666443,"{'parallel_processes': 4, 'client_weights_normalization': False, 'single_prov_key': 'For-Main-Training--google-bert/bert-base-cased-yahoo_answers_topics-faulty_clients[[]]-noise_rateNone-TClients100-fedavg-(R25-clientsPerR10)-non_iid_dirichlet0.1-batch32-epochs2-lr0.001', 'check_train_cache': True, 'check_prov_cache': True, 'check_dataset_cache': True, 'dataset_channels': {'cifar10': 3, 'femnist': 3, 'mnist': 3, 'pathmnist': 3, 'organamnist': 3, 'superb': 'None', 'dbpedia_14': 'None', 'yahoo_answers_topics': 'None'}, 'dataset_classes': {'cifar10': 10, 'femnist': 10, 'mnist': 10, 'pathmnist': 9, 'organamnist': 11, 'superb': 12, 'yahoo_answers_topics': 10, 'dbpedia_14': 14}, 'model_arch': {'microsoft/deberta-v3-base': 'transformer', 'squeezebert/squeezebert-uncased': 'transformer', 'distilbert/distilbert-base-uncased': 'transformer', 'microsoft/MiniLM-L12-H384-uncased': 'transformer', 'openai-community/openai-gpt': 'transformer', 'google-bert/bert-base-cased': 'transformer', 'google-bert/bert-large-cased': 'transformer', 'Intel/dynamic_tinybert': 'transformer', 'facebook/wav2vec2-base': 'transformer', 'openai/whisper-tiny': 'transformer', 'resnet18': 'cnn', 'densenet121': 'cnn'}, 'storage': {'dir': 'storage_of_exps/', 'train_cache_name': 'cache_of_training', 'results_cache_name': 'cache_of_approach', 'fl_datasets_cache': 'cache_of_fl_datasets'}, 'multirun_faulty_clients': -1, 'noise_rate': 'None', 'faulty_clients_ids': [], 'exp_key': 'For-Main-Training--densenet121-organamnist-faulty_clients[[]]-noise_rateNone-TClients100-fedavg-(R25-clientsPerR10)-non_iid_dirichlet0.2-batch32-epochs2-lr0.001', 'num_clients': 100, 'clients_per_round': 10, 'num_rounds': 25, 'dirichlet_alpha': 0.2, 'batch_size': 32, 'noise_multiplier': -1, 'clipping_norm': -1, 'total_gpus': 1, 'total_cpus': 12, 'client_cpus': 1, 'client_gpu': 0.1, 'device': 'cuda', 'client': {'epochs': 2, 'lr': 0.001}, 'model': {'name': 'densenet121', 'arch': '${model_arch.${model.name}}'}, 'dataset': {'name': 'organamnist', 'num_classes': '${dataset_classes.${dataset.name}}', 'channels': '${dataset_channels.${dataset.name}}'}, 'strategy': {'name': 'fedavg', 'num_rounds': '${num_rounds}', 'clients_per_round': '${clients_per_round}', 'noise_multiplier': '${noise_multiplier}', 'clipping_norm': '${clipping_norm}'}, 'data_dist': {'dist_type': 'non_iid_dirichlet', 'num_clients': '${num_clients}', 'batch_size': '${batch_size}', 'dirichlet_alpha': '${dirichlet_alpha}', 'dname': '${dataset.name}', 'mname': '${model.name}', 'storage_dir': '${storage.dir}', 'max_per_client_data_size': 2048, 'max_server_data_size': 2048}, 'do_training': False, 'do_provenance': True, 'plotting': False, 'do_full_cache_provenance': False, 'dry_run': False, 'convert_cache_to_csv': False, 'shared_sweeper_params': {'num_clients': 100, 'exp_key': 'For-Main-Training-', 'clients_per_round': 10}}",densenet121,organamnist,100,0.2,1.0,1.0,1.0,1.0,1.0,1.0,1.0,[[8]]
17,"['38', '48', '89', '22', '8', '25', '23', '95', '27', '29']",12,"{'F Beta (Weighted)': 1.0, 'F Beta': 1.0, 'F1 (Weighted)': 1.0, 'F1': 1.0, 'Precision': 1.0, 'Recall': 1.0, 'Accuracy': 1.0, 'confusion_matrix': array([[12]])}",0.615234375,1.4929348230361938,6.010344743728638,18,"{<class 'torch.nn.modules.conv.Conv2d'>, <class 'torch.nn.modules.linear.Linear'>}",storage_of_exps/cache_of_training,28.68392134666443,"{'parallel_processes': 4, 'client_weights_normalization': False, 'single_prov_key': 'For-Main-Training--google-bert/bert-base-cased-yahoo_answers_topics-faulty_clients[[]]-noise_rateNone-TClients100-fedavg-(R25-clientsPerR10)-non_iid_dirichlet0.1-batch32-epochs2-lr0.001', 'check_train_cache': True, 'check_prov_cache': True, 'check_dataset_cache': True, 'dataset_channels': {'cifar10': 3, 'femnist': 3, 'mnist': 3, 'pathmnist': 3, 'organamnist': 3, 'superb': 'None', 'dbpedia_14': 'None', 'yahoo_answers_topics': 'None'}, 'dataset_classes': {'cifar10': 10, 'femnist': 10, 'mnist': 10, 'pathmnist': 9, 'organamnist': 11, 'superb': 12, 'yahoo_answers_topics': 10, 'dbpedia_14': 14}, 'model_arch': {'microsoft/deberta-v3-base': 'transformer', 'squeezebert/squeezebert-uncased': 'transformer', 'distilbert/distilbert-base-uncased': 'transformer', 'microsoft/MiniLM-L12-H384-uncased': 'transformer', 'openai-community/openai-gpt': 'transformer', 'google-bert/bert-base-cased': 'transformer', 'google-bert/bert-large-cased': 'transformer', 'Intel/dynamic_tinybert': 'transformer', 'facebook/wav2vec2-base': 'transformer', 'openai/whisper-tiny': 'transformer', 'resnet18': 'cnn', 'densenet121': 'cnn'}, 'storage': {'dir': 'storage_of_exps/', 'train_cache_name': 'cache_of_training', 'results_cache_name': 'cache_of_approach', 'fl_datasets_cache': 'cache_of_fl_datasets'}, 'multirun_faulty_clients': -1, 'noise_rate': 'None', 'faulty_clients_ids': [], 'exp_key': 'For-Main-Training--densenet121-organamnist-faulty_clients[[]]-noise_rateNone-TClients100-fedavg-(R25-clientsPerR10)-non_iid_dirichlet0.2-batch32-epochs2-lr0.001', 'num_clients': 100, 'clients_per_round': 10, 'num_rounds': 25, 'dirichlet_alpha': 0.2, 'batch_size': 32, 'noise_multiplier': -1, 'clipping_norm': -1, 'total_gpus': 1, 'total_cpus': 12, 'client_cpus': 1, 'client_gpu': 0.1, 'device': 'cuda', 'client': {'epochs': 2, 'lr': 0.001}, 'model': {'name': 'densenet121', 'arch': '${model_arch.${model.name}}'}, 'dataset': {'name': 'organamnist', 'num_classes': '${dataset_classes.${dataset.name}}', 'channels': '${dataset_channels.${dataset.name}}'}, 'strategy': {'name': 'fedavg', 'num_rounds': '${num_rounds}', 'clients_per_round': '${clients_per_round}', 'noise_multiplier': '${noise_multiplier}', 'clipping_norm': '${clipping_norm}'}, 'data_dist': {'dist_type': 'non_iid_dirichlet', 'num_clients': '${num_clients}', 'batch_size': '${batch_size}', 'dirichlet_alpha': '${dirichlet_alpha}', 'dname': '${dataset.name}', 'mname': '${model.name}', 'storage_dir': '${storage.dir}', 'max_per_client_data_size': 2048, 'max_server_data_size': 2048}, 'do_training': False, 'do_provenance': True, 'plotting': False, 'do_full_cache_provenance': False, 'dry_run': False, 'convert_cache_to_csv': False, 'shared_sweeper_params': {'num_clients': 100, 'exp_key': 'For-Main-Training-', 'clients_per_round': 10}}",densenet121,organamnist,100,0.2,1.0,1.0,1.0,1.0,1.0,1.0,1.0,[[12]]
18,"['71', '60', '25', '4', '70', '63', '27', '40', '61', '76']",12,"{'F Beta (Weighted)': 1.0, 'F Beta': 1.0, 'F1 (Weighted)': 1.0, 'F1': 1.0, 'Precision': 1.0, 'Recall': 1.0, 'Accuracy': 1.0, 'confusion_matrix': array([[12]])}",0.39404296875,1.7973593473434448,24.020929098129272,19,"{<class 'torch.nn.modules.conv.Conv2d'>, <class 'torch.nn.modules.linear.Linear'>}",storage_of_exps/cache_of_training,28.68392134666443,"{'parallel_processes': 4, 'client_weights_normalization': False, 'single_prov_key': 'For-Main-Training--google-bert/bert-base-cased-yahoo_answers_topics-faulty_clients[[]]-noise_rateNone-TClients100-fedavg-(R25-clientsPerR10)-non_iid_dirichlet0.1-batch32-epochs2-lr0.001', 'check_train_cache': True, 'check_prov_cache': True, 'check_dataset_cache': True, 'dataset_channels': {'cifar10': 3, 'femnist': 3, 'mnist': 3, 'pathmnist': 3, 'organamnist': 3, 'superb': 'None', 'dbpedia_14': 'None', 'yahoo_answers_topics': 'None'}, 'dataset_classes': {'cifar10': 10, 'femnist': 10, 'mnist': 10, 'pathmnist': 9, 'organamnist': 11, 'superb': 12, 'yahoo_answers_topics': 10, 'dbpedia_14': 14}, 'model_arch': {'microsoft/deberta-v3-base': 'transformer', 'squeezebert/squeezebert-uncased': 'transformer', 'distilbert/distilbert-base-uncased': 'transformer', 'microsoft/MiniLM-L12-H384-uncased': 'transformer', 'openai-community/openai-gpt': 'transformer', 'google-bert/bert-base-cased': 'transformer', 'google-bert/bert-large-cased': 'transformer', 'Intel/dynamic_tinybert': 'transformer', 'facebook/wav2vec2-base': 'transformer', 'openai/whisper-tiny': 'transformer', 'resnet18': 'cnn', 'densenet121': 'cnn'}, 'storage': {'dir': 'storage_of_exps/', 'train_cache_name': 'cache_of_training', 'results_cache_name': 'cache_of_approach', 'fl_datasets_cache': 'cache_of_fl_datasets'}, 'multirun_faulty_clients': -1, 'noise_rate': 'None', 'faulty_clients_ids': [], 'exp_key': 'For-Main-Training--densenet121-organamnist-faulty_clients[[]]-noise_rateNone-TClients100-fedavg-(R25-clientsPerR10)-non_iid_dirichlet0.2-batch32-epochs2-lr0.001', 'num_clients': 100, 'clients_per_round': 10, 'num_rounds': 25, 'dirichlet_alpha': 0.2, 'batch_size': 32, 'noise_multiplier': -1, 'clipping_norm': -1, 'total_gpus': 1, 'total_cpus': 12, 'client_cpus': 1, 'client_gpu': 0.1, 'device': 'cuda', 'client': {'epochs': 2, 'lr': 0.001}, 'model': {'name': 'densenet121', 'arch': '${model_arch.${model.name}}'}, 'dataset': {'name': 'organamnist', 'num_classes': '${dataset_classes.${dataset.name}}', 'channels': '${dataset_channels.${dataset.name}}'}, 'strategy': {'name': 'fedavg', 'num_rounds': '${num_rounds}', 'clients_per_round': '${clients_per_round}', 'noise_multiplier': '${noise_multiplier}', 'clipping_norm': '${clipping_norm}'}, 'data_dist': {'dist_type': 'non_iid_dirichlet', 'num_clients': '${num_clients}', 'batch_size': '${batch_size}', 'dirichlet_alpha': '${dirichlet_alpha}', 'dname': '${dataset.name}', 'mname': '${model.name}', 'storage_dir': '${storage.dir}', 'max_per_client_data_size': 2048, 'max_server_data_size': 2048}, 'do_training': False, 'do_provenance': True, 'plotting': False, 'do_full_cache_provenance': False, 'dry_run': False, 'convert_cache_to_csv': False, 'shared_sweeper_params': {'num_clients': 100, 'exp_key': 'For-Main-Training-', 'clients_per_round': 10}}",densenet121,organamnist,100,0.2,1.0,1.0,1.0,1.0,1.0,1.0,1.0,[[12]]
19,"['41', '32', '39', '21', '24', '71', '15', '47', '73', '96']",14,"{'F Beta (Weighted)': 1.0, 'F Beta': 1.0, 'F1 (Weighted)': 1.0, 'F1': 1.0, 'Precision': 1.0, 'Recall': 1.0, 'Accuracy': 1.0, 'confusion_matrix': array([[14]])}",0.61767578125,1.5853450298309326,25.61666250228882,20,"{<class 'torch.nn.modules.conv.Conv2d'>, <class 'torch.nn.modules.linear.Linear'>}",storage_of_exps/cache_of_training,28.68392134666443,"{'parallel_processes': 4, 'client_weights_normalization': False, 'single_prov_key': 'For-Main-Training--google-bert/bert-base-cased-yahoo_answers_topics-faulty_clients[[]]-noise_rateNone-TClients100-fedavg-(R25-clientsPerR10)-non_iid_dirichlet0.1-batch32-epochs2-lr0.001', 'check_train_cache': True, 'check_prov_cache': True, 'check_dataset_cache': True, 'dataset_channels': {'cifar10': 3, 'femnist': 3, 'mnist': 3, 'pathmnist': 3, 'organamnist': 3, 'superb': 'None', 'dbpedia_14': 'None', 'yahoo_answers_topics': 'None'}, 'dataset_classes': {'cifar10': 10, 'femnist': 10, 'mnist': 10, 'pathmnist': 9, 'organamnist': 11, 'superb': 12, 'yahoo_answers_topics': 10, 'dbpedia_14': 14}, 'model_arch': {'microsoft/deberta-v3-base': 'transformer', 'squeezebert/squeezebert-uncased': 'transformer', 'distilbert/distilbert-base-uncased': 'transformer', 'microsoft/MiniLM-L12-H384-uncased': 'transformer', 'openai-community/openai-gpt': 'transformer', 'google-bert/bert-base-cased': 'transformer', 'google-bert/bert-large-cased': 'transformer', 'Intel/dynamic_tinybert': 'transformer', 'facebook/wav2vec2-base': 'transformer', 'openai/whisper-tiny': 'transformer', 'resnet18': 'cnn', 'densenet121': 'cnn'}, 'storage': {'dir': 'storage_of_exps/', 'train_cache_name': 'cache_of_training', 'results_cache_name': 'cache_of_approach', 'fl_datasets_cache': 'cache_of_fl_datasets'}, 'multirun_faulty_clients': -1, 'noise_rate': 'None', 'faulty_clients_ids': [], 'exp_key': 'For-Main-Training--densenet121-organamnist-faulty_clients[[]]-noise_rateNone-TClients100-fedavg-(R25-clientsPerR10)-non_iid_dirichlet0.2-batch32-epochs2-lr0.001', 'num_clients': 100, 'clients_per_round': 10, 'num_rounds': 25, 'dirichlet_alpha': 0.2, 'batch_size': 32, 'noise_multiplier': -1, 'clipping_norm': -1, 'total_gpus': 1, 'total_cpus': 12, 'client_cpus': 1, 'client_gpu': 0.1, 'device': 'cuda', 'client': {'epochs': 2, 'lr': 0.001}, 'model': {'name': 'densenet121', 'arch': '${model_arch.${model.name}}'}, 'dataset': {'name': 'organamnist', 'num_classes': '${dataset_classes.${dataset.name}}', 'channels': '${dataset_channels.${dataset.name}}'}, 'strategy': {'name': 'fedavg', 'num_rounds': '${num_rounds}', 'clients_per_round': '${clients_per_round}', 'noise_multiplier': '${noise_multiplier}', 'clipping_norm': '${clipping_norm}'}, 'data_dist': {'dist_type': 'non_iid_dirichlet', 'num_clients': '${num_clients}', 'batch_size': '${batch_size}', 'dirichlet_alpha': '${dirichlet_alpha}', 'dname': '${dataset.name}', 'mname': '${model.name}', 'storage_dir': '${storage.dir}', 'max_per_client_data_size': 2048, 'max_server_data_size': 2048}, 'do_training': False, 'do_provenance': True, 'plotting': False, 'do_full_cache_provenance': False, 'dry_run': False, 'convert_cache_to_csv': False, 'shared_sweeper_params': {'num_clients': 100, 'exp_key': 'For-Main-Training-', 'clients_per_round': 10}}",densenet121,organamnist,100,0.2,1.0,1.0,1.0,1.0,1.0,1.0,1.0,[[14]]
20,"['42', '92', '91', '70', '62', '36', '89', '90', '21', '46']",12,"{'F Beta (Weighted)': 1.0, 'F Beta': 1.0, 'F1 (Weighted)': 1.0, 'F1': 1.0, 'Precision': 1.0, 'Recall': 1.0, 'Accuracy': 1.0, 'confusion_matrix': array([[12]])}",0.31787109375,1.8883228302001953,24.239884853363037,21,"{<class 'torch.nn.modules.conv.Conv2d'>, <class 'torch.nn.modules.linear.Linear'>}",storage_of_exps/cache_of_training,28.68392134666443,"{'parallel_processes': 4, 'client_weights_normalization': False, 'single_prov_key': 'For-Main-Training--google-bert/bert-base-cased-yahoo_answers_topics-faulty_clients[[]]-noise_rateNone-TClients100-fedavg-(R25-clientsPerR10)-non_iid_dirichlet0.1-batch32-epochs2-lr0.001', 'check_train_cache': True, 'check_prov_cache': True, 'check_dataset_cache': True, 'dataset_channels': {'cifar10': 3, 'femnist': 3, 'mnist': 3, 'pathmnist': 3, 'organamnist': 3, 'superb': 'None', 'dbpedia_14': 'None', 'yahoo_answers_topics': 'None'}, 'dataset_classes': {'cifar10': 10, 'femnist': 10, 'mnist': 10, 'pathmnist': 9, 'organamnist': 11, 'superb': 12, 'yahoo_answers_topics': 10, 'dbpedia_14': 14}, 'model_arch': {'microsoft/deberta-v3-base': 'transformer', 'squeezebert/squeezebert-uncased': 'transformer', 'distilbert/distilbert-base-uncased': 'transformer', 'microsoft/MiniLM-L12-H384-uncased': 'transformer', 'openai-community/openai-gpt': 'transformer', 'google-bert/bert-base-cased': 'transformer', 'google-bert/bert-large-cased': 'transformer', 'Intel/dynamic_tinybert': 'transformer', 'facebook/wav2vec2-base': 'transformer', 'openai/whisper-tiny': 'transformer', 'resnet18': 'cnn', 'densenet121': 'cnn'}, 'storage': {'dir': 'storage_of_exps/', 'train_cache_name': 'cache_of_training', 'results_cache_name': 'cache_of_approach', 'fl_datasets_cache': 'cache_of_fl_datasets'}, 'multirun_faulty_clients': -1, 'noise_rate': 'None', 'faulty_clients_ids': [], 'exp_key': 'For-Main-Training--densenet121-organamnist-faulty_clients[[]]-noise_rateNone-TClients100-fedavg-(R25-clientsPerR10)-non_iid_dirichlet0.2-batch32-epochs2-lr0.001', 'num_clients': 100, 'clients_per_round': 10, 'num_rounds': 25, 'dirichlet_alpha': 0.2, 'batch_size': 32, 'noise_multiplier': -1, 'clipping_norm': -1, 'total_gpus': 1, 'total_cpus': 12, 'client_cpus': 1, 'client_gpu': 0.1, 'device': 'cuda', 'client': {'epochs': 2, 'lr': 0.001}, 'model': {'name': 'densenet121', 'arch': '${model_arch.${model.name}}'}, 'dataset': {'name': 'organamnist', 'num_classes': '${dataset_classes.${dataset.name}}', 'channels': '${dataset_channels.${dataset.name}}'}, 'strategy': {'name': 'fedavg', 'num_rounds': '${num_rounds}', 'clients_per_round': '${clients_per_round}', 'noise_multiplier': '${noise_multiplier}', 'clipping_norm': '${clipping_norm}'}, 'data_dist': {'dist_type': 'non_iid_dirichlet', 'num_clients': '${num_clients}', 'batch_size': '${batch_size}', 'dirichlet_alpha': '${dirichlet_alpha}', 'dname': '${dataset.name}', 'mname': '${model.name}', 'storage_dir': '${storage.dir}', 'max_per_client_data_size': 2048, 'max_server_data_size': 2048}, 'do_training': False, 'do_provenance': True, 'plotting': False, 'do_full_cache_provenance': False, 'dry_run': False, 'convert_cache_to_csv': False, 'shared_sweeper_params': {'num_clients': 100, 'exp_key': 'For-Main-Training-', 'clients_per_round': 10}}",densenet121,organamnist,100,0.2,1.0,1.0,1.0,1.0,1.0,1.0,1.0,[[12]]
21,"['17', '89', '78', '69', '34', '48', '49', '6', '25', '20']",14,"{'F Beta (Weighted)': 1.0, 'F Beta': 1.0, 'F1 (Weighted)': 1.0, 'F1': 1.0, 'Precision': 1.0, 'Recall': 1.0, 'Accuracy': 1.0, 'confusion_matrix': array([[14]])}",0.60498046875,1.536727786064148,20.481722831726074,22,"{<class 'torch.nn.modules.conv.Conv2d'>, <class 'torch.nn.modules.linear.Linear'>}",storage_of_exps/cache_of_training,28.68392134666443,"{'parallel_processes': 4, 'client_weights_normalization': False, 'single_prov_key': 'For-Main-Training--google-bert/bert-base-cased-yahoo_answers_topics-faulty_clients[[]]-noise_rateNone-TClients100-fedavg-(R25-clientsPerR10)-non_iid_dirichlet0.1-batch32-epochs2-lr0.001', 'check_train_cache': True, 'check_prov_cache': True, 'check_dataset_cache': True, 'dataset_channels': {'cifar10': 3, 'femnist': 3, 'mnist': 3, 'pathmnist': 3, 'organamnist': 3, 'superb': 'None', 'dbpedia_14': 'None', 'yahoo_answers_topics': 'None'}, 'dataset_classes': {'cifar10': 10, 'femnist': 10, 'mnist': 10, 'pathmnist': 9, 'organamnist': 11, 'superb': 12, 'yahoo_answers_topics': 10, 'dbpedia_14': 14}, 'model_arch': {'microsoft/deberta-v3-base': 'transformer', 'squeezebert/squeezebert-uncased': 'transformer', 'distilbert/distilbert-base-uncased': 'transformer', 'microsoft/MiniLM-L12-H384-uncased': 'transformer', 'openai-community/openai-gpt': 'transformer', 'google-bert/bert-base-cased': 'transformer', 'google-bert/bert-large-cased': 'transformer', 'Intel/dynamic_tinybert': 'transformer', 'facebook/wav2vec2-base': 'transformer', 'openai/whisper-tiny': 'transformer', 'resnet18': 'cnn', 'densenet121': 'cnn'}, 'storage': {'dir': 'storage_of_exps/', 'train_cache_name': 'cache_of_training', 'results_cache_name': 'cache_of_approach', 'fl_datasets_cache': 'cache_of_fl_datasets'}, 'multirun_faulty_clients': -1, 'noise_rate': 'None', 'faulty_clients_ids': [], 'exp_key': 'For-Main-Training--densenet121-organamnist-faulty_clients[[]]-noise_rateNone-TClients100-fedavg-(R25-clientsPerR10)-non_iid_dirichlet0.2-batch32-epochs2-lr0.001', 'num_clients': 100, 'clients_per_round': 10, 'num_rounds': 25, 'dirichlet_alpha': 0.2, 'batch_size': 32, 'noise_multiplier': -1, 'clipping_norm': -1, 'total_gpus': 1, 'total_cpus': 12, 'client_cpus': 1, 'client_gpu': 0.1, 'device': 'cuda', 'client': {'epochs': 2, 'lr': 0.001}, 'model': {'name': 'densenet121', 'arch': '${model_arch.${model.name}}'}, 'dataset': {'name': 'organamnist', 'num_classes': '${dataset_classes.${dataset.name}}', 'channels': '${dataset_channels.${dataset.name}}'}, 'strategy': {'name': 'fedavg', 'num_rounds': '${num_rounds}', 'clients_per_round': '${clients_per_round}', 'noise_multiplier': '${noise_multiplier}', 'clipping_norm': '${clipping_norm}'}, 'data_dist': {'dist_type': 'non_iid_dirichlet', 'num_clients': '${num_clients}', 'batch_size': '${batch_size}', 'dirichlet_alpha': '${dirichlet_alpha}', 'dname': '${dataset.name}', 'mname': '${model.name}', 'storage_dir': '${storage.dir}', 'max_per_client_data_size': 2048, 'max_server_data_size': 2048}, 'do_training': False, 'do_provenance': True, 'plotting': False, 'do_full_cache_provenance': False, 'dry_run': False, 'convert_cache_to_csv': False, 'shared_sweeper_params': {'num_clients': 100, 'exp_key': 'For-Main-Training-', 'clients_per_round': 10}}",densenet121,organamnist,100,0.2,1.0,1.0,1.0,1.0,1.0,1.0,1.0,[[14]]
22,"['28', '11', '5', '63', '18', '72', '55', '40', '43', '64']",12,"{'F Beta (Weighted)': 1.0, 'F Beta': 1.0, 'F1 (Weighted)': 1.0, 'F1': 1.0, 'Precision': 1.0, 'Recall': 1.0, 'Accuracy': 1.0, 'confusion_matrix': array([[12]])}",0.5048828125,1.8328386545181274,26.561439752578735,23,"{<class 'torch.nn.modules.conv.Conv2d'>, <class 'torch.nn.modules.linear.Linear'>}",storage_of_exps/cache_of_training,28.68392134666443,"{'parallel_processes': 4, 'client_weights_normalization': False, 'single_prov_key': 'For-Main-Training--google-bert/bert-base-cased-yahoo_answers_topics-faulty_clients[[]]-noise_rateNone-TClients100-fedavg-(R25-clientsPerR10)-non_iid_dirichlet0.1-batch32-epochs2-lr0.001', 'check_train_cache': True, 'check_prov_cache': True, 'check_dataset_cache': True, 'dataset_channels': {'cifar10': 3, 'femnist': 3, 'mnist': 3, 'pathmnist': 3, 'organamnist': 3, 'superb': 'None', 'dbpedia_14': 'None', 'yahoo_answers_topics': 'None'}, 'dataset_classes': {'cifar10': 10, 'femnist': 10, 'mnist': 10, 'pathmnist': 9, 'organamnist': 11, 'superb': 12, 'yahoo_answers_topics': 10, 'dbpedia_14': 14}, 'model_arch': {'microsoft/deberta-v3-base': 'transformer', 'squeezebert/squeezebert-uncased': 'transformer', 'distilbert/distilbert-base-uncased': 'transformer', 'microsoft/MiniLM-L12-H384-uncased': 'transformer', 'openai-community/openai-gpt': 'transformer', 'google-bert/bert-base-cased': 'transformer', 'google-bert/bert-large-cased': 'transformer', 'Intel/dynamic_tinybert': 'transformer', 'facebook/wav2vec2-base': 'transformer', 'openai/whisper-tiny': 'transformer', 'resnet18': 'cnn', 'densenet121': 'cnn'}, 'storage': {'dir': 'storage_of_exps/', 'train_cache_name': 'cache_of_training', 'results_cache_name': 'cache_of_approach', 'fl_datasets_cache': 'cache_of_fl_datasets'}, 'multirun_faulty_clients': -1, 'noise_rate': 'None', 'faulty_clients_ids': [], 'exp_key': 'For-Main-Training--densenet121-organamnist-faulty_clients[[]]-noise_rateNone-TClients100-fedavg-(R25-clientsPerR10)-non_iid_dirichlet0.2-batch32-epochs2-lr0.001', 'num_clients': 100, 'clients_per_round': 10, 'num_rounds': 25, 'dirichlet_alpha': 0.2, 'batch_size': 32, 'noise_multiplier': -1, 'clipping_norm': -1, 'total_gpus': 1, 'total_cpus': 12, 'client_cpus': 1, 'client_gpu': 0.1, 'device': 'cuda', 'client': {'epochs': 2, 'lr': 0.001}, 'model': {'name': 'densenet121', 'arch': '${model_arch.${model.name}}'}, 'dataset': {'name': 'organamnist', 'num_classes': '${dataset_classes.${dataset.name}}', 'channels': '${dataset_channels.${dataset.name}}'}, 'strategy': {'name': 'fedavg', 'num_rounds': '${num_rounds}', 'clients_per_round': '${clients_per_round}', 'noise_multiplier': '${noise_multiplier}', 'clipping_norm': '${clipping_norm}'}, 'data_dist': {'dist_type': 'non_iid_dirichlet', 'num_clients': '${num_clients}', 'batch_size': '${batch_size}', 'dirichlet_alpha': '${dirichlet_alpha}', 'dname': '${dataset.name}', 'mname': '${model.name}', 'storage_dir': '${storage.dir}', 'max_per_client_data_size': 2048, 'max_server_data_size': 2048}, 'do_training': False, 'do_provenance': True, 'plotting': False, 'do_full_cache_provenance': False, 'dry_run': False, 'convert_cache_to_csv': False, 'shared_sweeper_params': {'num_clients': 100, 'exp_key': 'For-Main-Training-', 'clients_per_round': 10}}",densenet121,organamnist,100,0.2,1.0,1.0,1.0,1.0,1.0,1.0,1.0,[[12]]
23,"['82', '39', '42', '86', '51', '74', '36', '56', '65', '89']",16,"{'F Beta (Weighted)': 1.0, 'F Beta': 1.0, 'F1 (Weighted)': 1.0, 'F1': 1.0, 'Precision': 1.0, 'Recall': 1.0, 'Accuracy': 1.0, 'confusion_matrix': array([[16]])}",0.48779296875,1.7320442199707031,8.105232000350952,24,"{<class 'torch.nn.modules.conv.Conv2d'>, <class 'torch.nn.modules.linear.Linear'>}",storage_of_exps/cache_of_training,28.68392134666443,"{'parallel_processes': 4, 'client_weights_normalization': False, 'single_prov_key': 'For-Main-Training--google-bert/bert-base-cased-yahoo_answers_topics-faulty_clients[[]]-noise_rateNone-TClients100-fedavg-(R25-clientsPerR10)-non_iid_dirichlet0.1-batch32-epochs2-lr0.001', 'check_train_cache': True, 'check_prov_cache': True, 'check_dataset_cache': True, 'dataset_channels': {'cifar10': 3, 'femnist': 3, 'mnist': 3, 'pathmnist': 3, 'organamnist': 3, 'superb': 'None', 'dbpedia_14': 'None', 'yahoo_answers_topics': 'None'}, 'dataset_classes': {'cifar10': 10, 'femnist': 10, 'mnist': 10, 'pathmnist': 9, 'organamnist': 11, 'superb': 12, 'yahoo_answers_topics': 10, 'dbpedia_14': 14}, 'model_arch': {'microsoft/deberta-v3-base': 'transformer', 'squeezebert/squeezebert-uncased': 'transformer', 'distilbert/distilbert-base-uncased': 'transformer', 'microsoft/MiniLM-L12-H384-uncased': 'transformer', 'openai-community/openai-gpt': 'transformer', 'google-bert/bert-base-cased': 'transformer', 'google-bert/bert-large-cased': 'transformer', 'Intel/dynamic_tinybert': 'transformer', 'facebook/wav2vec2-base': 'transformer', 'openai/whisper-tiny': 'transformer', 'resnet18': 'cnn', 'densenet121': 'cnn'}, 'storage': {'dir': 'storage_of_exps/', 'train_cache_name': 'cache_of_training', 'results_cache_name': 'cache_of_approach', 'fl_datasets_cache': 'cache_of_fl_datasets'}, 'multirun_faulty_clients': -1, 'noise_rate': 'None', 'faulty_clients_ids': [], 'exp_key': 'For-Main-Training--densenet121-organamnist-faulty_clients[[]]-noise_rateNone-TClients100-fedavg-(R25-clientsPerR10)-non_iid_dirichlet0.2-batch32-epochs2-lr0.001', 'num_clients': 100, 'clients_per_round': 10, 'num_rounds': 25, 'dirichlet_alpha': 0.2, 'batch_size': 32, 'noise_multiplier': -1, 'clipping_norm': -1, 'total_gpus': 1, 'total_cpus': 12, 'client_cpus': 1, 'client_gpu': 0.1, 'device': 'cuda', 'client': {'epochs': 2, 'lr': 0.001}, 'model': {'name': 'densenet121', 'arch': '${model_arch.${model.name}}'}, 'dataset': {'name': 'organamnist', 'num_classes': '${dataset_classes.${dataset.name}}', 'channels': '${dataset_channels.${dataset.name}}'}, 'strategy': {'name': 'fedavg', 'num_rounds': '${num_rounds}', 'clients_per_round': '${clients_per_round}', 'noise_multiplier': '${noise_multiplier}', 'clipping_norm': '${clipping_norm}'}, 'data_dist': {'dist_type': 'non_iid_dirichlet', 'num_clients': '${num_clients}', 'batch_size': '${batch_size}', 'dirichlet_alpha': '${dirichlet_alpha}', 'dname': '${dataset.name}', 'mname': '${model.name}', 'storage_dir': '${storage.dir}', 'max_per_client_data_size': 2048, 'max_server_data_size': 2048}, 'do_training': False, 'do_provenance': True, 'plotting': False, 'do_full_cache_provenance': False, 'dry_run': False, 'convert_cache_to_csv': False, 'shared_sweeper_params': {'num_clients': 100, 'exp_key': 'For-Main-Training-', 'clients_per_round': 10}}",densenet121,organamnist,100,0.2,1.0,1.0,1.0,1.0,1.0,1.0,1.0,[[16]]
24,"['1', '31', '24', '36', '28', '4', '85', '18', '21', '46']",16,"{'F Beta (Weighted)': 1.0, 'F Beta': 1.0, 'F1 (Weighted)': 1.0, 'F1': 1.0, 'Precision': 1.0, 'Recall': 1.0, 'Accuracy': 1.0, 'confusion_matrix': array([[16]])}",0.4638671875,1.6531879901885986,16.16639256477356,25,"{<class 'torch.nn.modules.conv.Conv2d'>, <class 'torch.nn.modules.linear.Linear'>}",storage_of_exps/cache_of_training,28.68392134666443,"{'parallel_processes': 4, 'client_weights_normalization': False, 'single_prov_key': 'For-Main-Training--google-bert/bert-base-cased-yahoo_answers_topics-faulty_clients[[]]-noise_rateNone-TClients100-fedavg-(R25-clientsPerR10)-non_iid_dirichlet0.1-batch32-epochs2-lr0.001', 'check_train_cache': True, 'check_prov_cache': True, 'check_dataset_cache': True, 'dataset_channels': {'cifar10': 3, 'femnist': 3, 'mnist': 3, 'pathmnist': 3, 'organamnist': 3, 'superb': 'None', 'dbpedia_14': 'None', 'yahoo_answers_topics': 'None'}, 'dataset_classes': {'cifar10': 10, 'femnist': 10, 'mnist': 10, 'pathmnist': 9, 'organamnist': 11, 'superb': 12, 'yahoo_answers_topics': 10, 'dbpedia_14': 14}, 'model_arch': {'microsoft/deberta-v3-base': 'transformer', 'squeezebert/squeezebert-uncased': 'transformer', 'distilbert/distilbert-base-uncased': 'transformer', 'microsoft/MiniLM-L12-H384-uncased': 'transformer', 'openai-community/openai-gpt': 'transformer', 'google-bert/bert-base-cased': 'transformer', 'google-bert/bert-large-cased': 'transformer', 'Intel/dynamic_tinybert': 'transformer', 'facebook/wav2vec2-base': 'transformer', 'openai/whisper-tiny': 'transformer', 'resnet18': 'cnn', 'densenet121': 'cnn'}, 'storage': {'dir': 'storage_of_exps/', 'train_cache_name': 'cache_of_training', 'results_cache_name': 'cache_of_approach', 'fl_datasets_cache': 'cache_of_fl_datasets'}, 'multirun_faulty_clients': -1, 'noise_rate': 'None', 'faulty_clients_ids': [], 'exp_key': 'For-Main-Training--densenet121-organamnist-faulty_clients[[]]-noise_rateNone-TClients100-fedavg-(R25-clientsPerR10)-non_iid_dirichlet0.2-batch32-epochs2-lr0.001', 'num_clients': 100, 'clients_per_round': 10, 'num_rounds': 25, 'dirichlet_alpha': 0.2, 'batch_size': 32, 'noise_multiplier': -1, 'clipping_norm': -1, 'total_gpus': 1, 'total_cpus': 12, 'client_cpus': 1, 'client_gpu': 0.1, 'device': 'cuda', 'client': {'epochs': 2, 'lr': 0.001}, 'model': {'name': 'densenet121', 'arch': '${model_arch.${model.name}}'}, 'dataset': {'name': 'organamnist', 'num_classes': '${dataset_classes.${dataset.name}}', 'channels': '${dataset_channels.${dataset.name}}'}, 'strategy': {'name': 'fedavg', 'num_rounds': '${num_rounds}', 'clients_per_round': '${clients_per_round}', 'noise_multiplier': '${noise_multiplier}', 'clipping_norm': '${clipping_norm}'}, 'data_dist': {'dist_type': 'non_iid_dirichlet', 'num_clients': '${num_clients}', 'batch_size': '${batch_size}', 'dirichlet_alpha': '${dirichlet_alpha}', 'dname': '${dataset.name}', 'mname': '${model.name}', 'storage_dir': '${storage.dir}', 'max_per_client_data_size': 2048, 'max_server_data_size': 2048}, 'do_training': False, 'do_provenance': True, 'plotting': False, 'do_full_cache_provenance': False, 'dry_run': False, 'convert_cache_to_csv': False, 'shared_sweeper_params': {'num_clients': 100, 'exp_key': 'For-Main-Training-', 'clients_per_round': 10}}",densenet121,organamnist,100,0.2,1.0,1.0,1.0,1.0,1.0,1.0,1.0,[[16]]
